protein,S001_baseline,S001_week4,S002_baseline,S002_week4,S003_baseline,S003_week4,S004_baseline,S004_week4,S005_baseline,S005_week4,S006_baseline,S006_week4,S007_baseline,S007_week4,S008_baseline,S008_week4,S009_baseline,S009_week4,S010_baseline,S010_week4,S011_baseline,S011_week4,S012_baseline,S012_week4,S013_baseline,S013_week4,S014_baseline,S014_week4,S015_baseline,S015_week4,S016_baseline,S016_week4,S017_baseline,S017_week4,S018_baseline,S018_week4,S019_baseline,S019_week4,S020_baseline,S020_week4
PROT001,7631732.0534701785,7803690.203889706,7059009.920650878,7271101.58350749,,11330822.676083721,10667304.576675732,7836593.110352133,7089549.567638282,6283094.66240614,6807966.182629374,6071779.097596661,8356856.507540768,5294450.942680552,7837458.8072724305,11005071.523804164,7021028.57425906,4141612.4602570888,5788837.274154785,5711564.625528714,5271616.950313666,5462800.446329646,7642442.979822369,,9117312.100838369,7886739.111827239,7479162.196341362,5278794.76742073,6350598.439837048,6587331.18834988,11666748.427891936,4702220.0546813365,8268036.74851004,9690677.217021283,9057991.922543658,6863342.417217216,5949782.264612403,7026504.298049347,8350124.562130623,7965984.458044588
PROT002,,13644130.370911345,17485259.240730707,17914254.40205432,12927064.626534766,14389276.042083688,12466246.299792241,15092812.445371266,,11800924.716462798,12064135.930890804,19552296.558918066,13563718.899028122,14872136.466443753,15027376.708994292,16230130.986735027,15001938.316167375,16736196.145627828,15204765.673632484,12043870.772714863,13363603.98744629,18760860.935260642,10772521.913998175,15200254.579921171,,22184683.083474416,16675141.206068536,16859126.943218656,13811502.871083692,20331038.303776458,14307181.063927587,14284868.87416301,16979342.28444397,18069820.597424887,13301925.559481768,16522566.152564045,12698199.86107432,12018714.298669804,12737841.136632802,13038019.383510513
PROT003,20640225.85050747,21033028.554441486,23574613.64993585,24193246.873353414,19789306.8869161,25009273.098220598,27265482.912440393,25671548.162874147,29937844.12884707,26777734.267427325,21974189.448472157,20514377.136531375,23094710.84917359,25747875.55688824,25396475.17159119,30533931.33933474,21134229.265624274,17695795.457515504,20037208.91322905,29421545.18160422,21034519.82339444,34465523.97863213,28904315.27592575,29950713.30514128,27066379.787376028,25524625.61036666,,30783876.21565247,25091957.112527303,27567022.675093412,21362151.037073553,21743621.45439277,44475838.08010168,28239132.115598124,22270301.31192733,20511355.08302912,31766423.88206783,21583539.58166969,18162149.930027682,26560621.772252515
PROT004,18465635.822205167,14742982.87401334,20397047.949443832,27526301.42836731,21206935.413994335,19470303.69567873,13045739.404296525,17703504.929088708,,15583031.878992913,22014833.061421357,22452095.628094587,25751372.23604542,18453462.51879457,17872539.828756243,20930141.340346526,16000032.279633282,21268011.853294913,17498471.987586647,17978412.28083456,16720363.921861177,21011256.506953172,20145933.917526755,19887662.900608163,24475708.810922354,22547934.286466878,19674772.77542347,30708065.988082193,26292808.653286576,21381591.573095035,22597925.7286048,17402731.65768342,23082310.701476555,24533465.526460443,22083786.873991527,21933712.699221414,15707539.020217426,21590394.723253556,14286058.824086372,23668728.091970414
PROT005,,11075887.205917487,9107968.947852226,8163727.229532327,9254481.386310998,8294941.726414467,8904492.204934105,10401796.289960233,8302208.324919895,9396313.689556742,10746520.029782997,7811925.471361277,9289031.317366047,10136536.693680655,8868361.104793394,10487171.977981513,9912565.689501915,10794348.60083002,7265331.153839855,8668209.614859467,8267951.454021325,11960608.217584144,12139411.286960961,,9893438.535596948,15465231.35468834,8118867.607232523,12257055.968776988,9987323.879865378,8617587.845426017,7535931.072223796,,7494856.605625713,8922785.616055379,7663374.403460644,8423929.63706,7992938.354648934,10399826.340121474,9927540.403151568,9361920.82599375
PROT006,42337343.55176175,31125138.303849638,32601537.249465972,34227417.45462812,28550950.16790522,32024171.807099715,26499693.891316034,36259737.49897647,45525639.96177608,,45538154.763747245,32001491.661533277,32923657.58922597,35513734.63979391,31893071.910125494,34675698.250302345,34710149.849011205,30070824.487809125,29427888.628449555,34802656.77869054,25889304.134808615,42410955.26314114,50923130.38273577,28050370.29831377,22823446.314647365,32100035.219103973,33709379.31484559,,41321359.777080275,56865380.541010045,24465837.158811923,26944761.018360645,28034557.29468612,36032872.72271279,42009629.16722272,36617910.328083694,24110255.79899935,30745352.330648173,35299314.40795871,34338625.62541183
PROT007,33286239.088705875,52413692.130677305,38195415.81211975,56450240.57825496,47247967.903308034,,39617374.19677328,54108736.86317778,49899691.43618043,45850223.33831014,41286639.69773178,45878733.45631002,45137977.249794304,44240265.171647266,38459577.22829551,45180790.3589221,35946459.94539422,49924115.27638153,42985285.98967428,52568109.9698329,35027346.14808833,53436378.19480257,44637606.67262917,47371673.78475846,47355779.51327855,56880881.61661868,34301466.31534121,45533038.236632824,49270858.08809383,59610790.99790485,39941280.02386735,43581481.51775034,48010246.87905487,61115873.91858531,38451976.146668725,49605461.22731764,34960266.88162275,49937424.53947326,38566298.65238149,58036178.82165585
PROT008,3962445.5219912413,,6335468.856885345,8109884.940671961,4889357.508144316,5798653.876069483,4735370.189741508,5427983.159270526,6533471.510802424,,6204962.8542071255,4734919.107646036,8335205.976946689,7332339.605916784,6194500.352582728,5371472.891155132,6547926.398077308,4647585.951033761,4812427.671371708,4318048.571352438,5306982.775802094,6178534.410878751,5728752.043406116,7613219.196752727,,6361323.658538953,6672065.392908443,7058112.090871947,5862034.262925029,6204310.844484331,6961047.604292462,6680257.861970057,4556053.593428463,6470865.724313407,5407188.008376317,6086127.462922687,4758675.414262349,5276921.669689986,5366923.516716463,7586312.462446437
PROT009,21945374.11060469,23224551.675176643,19638355.402851228,21718457.287490014,26557658.9527794,35985522.64074176,15558704.003030151,21304675.016884256,21212061.056229025,18911605.98641921,22766464.091577746,21371969.190449085,24400617.851304334,26493278.190998096,20321318.061471146,26421999.05897834,20249847.890469044,25591834.166853268,23984672.99247159,27798944.03913387,24981072.34876618,24845958.751216803,23600536.874014515,16074948.724944351,24842335.04269351,26812431.249446772,26131399.97575265,25577717.999568317,29061818.93965879,20696302.857011363,24502764.118425995,,19907409.959656883,28269722.70429656,20589191.292843524,24986891.87799479,22752891.151703555,42136277.35151003,23871626.17253429,20942900.97301209
PROT010,3367365.534168386,4200636.990710927,3552285.0284322556,,3802002.3372352635,3406513.2388810283,3251614.9234414785,3540201.987141859,3535885.95524882,4055794.2874098537,3174965.900121839,2925695.0307279658,2987538.6824790477,4023004.5964180017,3107965.500007678,3311755.394809189,3399433.0888259746,4407519.337034459,2901957.004818515,3906140.8478798815,,3837410.041207034,3175686.9489953406,4237703.805962796,2761609.1352268634,4448711.978629292,3652169.5832533236,4803940.730581365,3746003.074961832,3373447.6311254804,3842997.102545447,3646111.877933456,3497607.3578870604,3552740.15612185,3412961.096170461,,,3005693.9295221106,3215951.48078689,3641323.735390724
PROT011,58948588.31307659,85409210.965931,54463366.8723548,62378656.32364706,86881785.3158838,94868466.80498366,,,63079318.47146022,78550817.201617,60354659.778820686,53283045.04035125,63918793.38695676,57370125.76801357,59780024.59563316,59700595.07755211,46305485.65534886,,56678857.6255367,65091173.35891247,46478665.443777315,61942508.87652886,62267829.11798816,72866826.87881662,47439329.25944546,70644026.35302112,69950981.61049093,54581298.26768528,51170541.39817802,83342626.50952928,60073901.24977846,65525608.52867161,47469094.89368112,67522189.5031886,59575612.82963779,53709442.09382964,50047342.279270336,66006258.90064364,60751289.01706935,57134051.76622551
PROT012,4469495.486401143,6626171.0983103085,6176324.360186289,6640820.1187624065,4665073.5994713055,5044649.240988845,5339009.742598791,7209595.387123624,5302093.323040535,7693227.29810104,5453648.08038686,4836822.312651057,,6093941.403821631,,5947492.285013087,7692056.728001367,6611577.993158339,6490948.724332631,5300411.9278996335,,5990483.0557309305,7078219.481665319,5206182.7872752985,5065712.340997277,7860214.099356793,6831957.636959154,4669293.368644946,4881965.408907921,5311863.41467267,4537812.283768065,7174109.069439619,8531754.409728363,5385038.771463283,5967914.106991627,5928067.731438938,,7842906.631160406,6505372.515216106,4617705.724940913
PROT013,23803510.702392243,26701524.781558454,25816882.117710453,21722267.722667396,27769951.68639359,25011824.88567655,,21093297.52124378,29438185.309607968,22376445.030976832,28637141.257629406,31139058.365199097,27043083.021527417,24022269.16856596,26710748.441687457,31324634.545949925,25391301.33374681,24922643.650863666,28687803.38143298,32621285.24717556,22129823.807152227,29012747.09632456,27744743.797389165,19299928.551121105,25339042.886398494,23371586.65464997,25784751.67865462,,22696115.760901157,20644442.66763085,23411066.38151012,28475631.978260223,27063982.14899294,31526479.138602998,,23832626.54180341,21536074.213887632,22018210.549826086,20156845.755149998,21490432.728197813
PROT014,48246692.33496188,64728338.839091316,76425941.93289056,70630167.57156861,96253862.61755231,79544146.83422752,60698924.92240166,99302240.67989472,80218651.19087511,55531076.87517744,68381116.85446846,77691274.72438401,54417211.81965394,65333863.68350267,69485796.56734866,98568401.25569448,75608369.42910147,85836588.3046452,62131180.27969334,85835032.5217151,52401845.931100875,68125575.2221191,56786368.69434706,73667065.67402202,89395493.11906825,72126885.90682738,69129962.76616427,,65240854.176280804,89771174.03510532,63275850.95906222,66188345.93470686,71856766.58786443,,75228222.11563878,85488981.82415584,57722767.584611624,67277540.71929628,46626580.01932877,87420784.97825482
PROT015,,19007638.042069267,18163367.909687854,17253191.128880985,18977265.549578335,20549403.895701468,16477923.055673778,18359952.84249366,16152538.544487208,18695531.213948425,19029986.65099313,18638431.347508635,18763493.64124939,24905980.435889583,20340667.84260299,17500188.781436175,17670739.198126134,22531671.54097937,15340354.154609226,18522256.25708501,16668149.707620112,22459015.3721322,20730375.05678705,17430741.50393262,15545422.869128447,21260404.729499392,18941638.824524596,22825071.4130821,15040435.428849274,21709307.626975175,18749467.99952129,19403254.232607733,14895110.16125483,24967824.6695691,23251280.571037,20017260.67121281,17723018.692081116,21620372.075851668,14677737.869803715,22364667.11754908
PROT016,23392914.886305816,24043165.76291528,33105081.73883821,29082411.41725709,23860474.7747818,30682641.545130335,17215273.715032976,25269868.31882677,19194358.155030724,22001416.999227755,23595041.73920347,17502917.657786448,16199480.809289372,23542141.189701498,23447978.334167186,31105426.084138677,18484475.69003418,25050676.135364193,21992780.06681971,33032756.51687752,20060622.827444557,24461569.893613137,22007839.43477117,25232027.84842056,23141368.520609006,23527087.199996483,19853921.506166697,27455173.418324243,24592726.053120393,23703778.93284201,22040125.084474046,20233401.40791062,30395173.369161174,27427684.990268536,14944408.622110501,22492528.141697,26061163.920580905,18751825.00547072,17775396.42666041,36643509.2986807
PROT017,22099370.25693173,20540734.61339348,34744046.097796865,30609430.089623213,26212023.20920902,25758897.067863353,,25235116.42425359,,25331510.92714549,21937580.406478446,24860116.526917513,,24525716.932043016,23626691.25267246,29863717.586128194,23641008.507833716,29553384.0920554,18739130.060528398,27124113.31668697,27345708.19674365,30413289.174566112,22688023.15518208,19509097.238759793,18919593.88855226,33752870.20857821,20485079.255218703,28118060.94998883,22779797.138444882,38688473.76039434,32928785.22722947,21610669.246292528,21373688.73917623,19998759.831398573,23459059.332649358,18407844.23228344,25604629.794018604,26208137.500590548,,
PROT018,3819673.038601399,5778856.768442946,7445548.422691157,7154613.9617375005,4768404.400916532,7018369.275414857,5284630.555563668,6044536.542192404,4707414.665479769,6197208.971113843,5924809.922057124,,7253117.217043709,5038294.979166737,6631616.233698292,6001417.33801539,5951441.582971729,6866752.097203324,5228499.95595576,5742650.81074761,4591502.147720854,7313636.317902358,7334851.817835929,4596274.384943825,4910076.083438697,7216009.673376675,4994349.050522806,7177054.39839143,5524140.862962647,6229407.446104912,4367182.326815173,5919159.60678109,5113599.531385943,8305426.077829455,6841258.482603108,4588258.88500114,4531341.432146804,5580316.406937575,6252236.070641395,4508799.478349799
PROT019,,27154310.592336312,28645184.967886124,27128850.81258507,20118458.41303972,28880387.737346724,,35262014.85606122,19474331.098895214,20110906.586504564,19859403.619657002,24400343.19839793,19788001.808819965,23028688.588910878,30710050.151277233,22483648.195616726,23731192.04010719,31558894.042593643,25651851.876999777,29322554.75533765,14557155.387614984,,26323350.292136934,23671608.397664625,31184297.176435813,33806111.12073872,14379665.746737229,20363193.436188694,20413106.509509146,,21199483.081105985,16874638.524519566,20134077.55907422,25396720.813427817,18282720.300242394,28100655.46282851,17579917.55179824,28434083.387507565,18463190.555080626,22885162.854049753
PROT020,15450335.061683003,17748832.838704787,16322002.207732452,10945512.726607433,,16960509.202560637,14860922.714299211,15661361.290769115,11814255.609139616,12202025.746648395,19266051.47911091,17162690.559841223,17002674.768572118,,12278955.30863625,20475612.581379224,11956006.032603938,13973618.429698572,14488109.316365803,11976898.418184616,13397836.44852914,13733946.022839088,16291171.125854662,10997210.31966611,16876030.655901905,13320069.361623,14229294.549920565,13552245.385056652,13997005.165726893,19112314.018925317,15870822.67913254,12450440.943927512,13978875.845343448,19393272.291557584,16061518.511111632,15674037.988036783,17861063.52246114,16400110.405952677,10632928.421549784,9844703.456520522
PROT021,20124087.823385768,17335575.44436192,20942524.30456704,19967383.929974277,16058160.660026649,24574012.161201123,17981405.84916494,17662884.537806816,20044382.297818482,15721898.173310706,19101750.651869945,28869727.819613703,31144142.75589634,22917786.635656137,29136952.29016115,22791519.584614564,17206843.373124845,27340287.465659086,24807445.193712804,21979861.58862326,22355287.319475144,26163694.6884715,21557559.734463446,22358571.735823844,27393593.06975249,22078052.695359025,21808697.466934,24385736.77970114,18409771.709386848,23107770.21789827,23508795.372613236,22069461.024658643,19465065.389921866,20937435.213665653,18916375.765537806,26713041.653289992,16581041.93239315,21793952.20718327,19842889.089884404,16828876.668900825
PROT022,10113102.97665218,11561992.90222321,12357708.734001262,11431925.237472512,10623121.605029447,13272531.60242385,12452936.718413785,11883664.52694012,17425278.41476448,12819495.73729763,10919636.60318942,12490627.576187419,14143970.376390308,10927807.543698534,11201808.35031729,15918655.572870977,13523664.228435248,10614314.908339662,13134967.728205709,14996929.124746177,11312781.881846957,16690712.130935956,13083933.63395497,,11677381.528547727,18144203.464687664,9822889.103830453,12470192.177040141,10813349.605779963,16184913.388840174,16260143.643039547,18212228.066234913,9218684.71596159,17585243.481295414,13203764.553292409,12772893.754273117,9943662.705313526,12695229.952235369,,12587876.08239685
PROT023,15607510.535527594,17870444.605279043,14955502.818898972,,,,13066246.57105776,11945851.789101176,13526142.984433379,11816270.414579585,14934178.67663115,15278177.814455405,11756211.545235181,11743771.31305354,17603934.143279795,11969684.125747021,14439643.737984752,13555936.142695738,13475770.294337736,11609124.588270271,11880189.811075827,14482933.003664384,12019429.124698015,14966631.560427478,13263123.585822234,12515492.079349894,8651742.912388545,9723198.450629234,12652979.739312712,,9783924.667745596,12425011.577232372,14238088.054810705,11645349.490909027,11615406.251585323,11555607.506223386,12050332.773366582,12587160.676737875,14680394.945691047,15750772.294389104
PROT024,9453154.935752003,17624750.694224775,11576001.6266208,11403565.213071292,16996540.48850721,,12399950.39693058,14551002.268788217,,15169190.095919106,12816751.854133978,14027871.940387556,16346139.42812943,16023194.886234928,11952261.284009114,11598497.939525107,11961492.782907305,12153351.215093195,13109392.827545296,14137231.459331078,11432501.972266853,11626605.37406723,17435182.605986055,11702170.654904375,16307288.485164179,21016862.845186073,15345832.75289552,13088847.922424234,13057943.270654075,15403505.654554632,9855160.097869685,17022127.713152066,14021534.757806426,20738610.103535492,10704878.324889218,15852442.056582902,11993609.54693958,13823818.289673738,11129356.710677361,11286290.755553808
PROT025,,19458088.09975793,14680052.061675277,17259062.16201622,13768633.916409556,22213895.2932971,14728843.086792395,22367472.86735089,25753554.652871456,20930624.986943565,18323314.578879114,16514536.011352327,13933545.755496077,17962507.576878678,24061555.187490754,15836487.881751636,19302296.57685467,22323771.290384628,13993090.69803112,21583847.746354852,22856866.317362674,21854841.792858507,17509385.193354495,17358489.527067516,14559981.179798486,27310849.275999323,19159153.760451462,19214834.823848426,17586153.382818546,22647771.352106374,13721702.993568107,23698443.752330817,22027636.468177952,18826891.1832647,19570245.42498887,20864376.257424686,20316947.425519314,,17606613.57447968,17715367.549657576
PROT026,37914840.75459497,27031000.260861125,35452178.23247505,,32138527.979058597,37285420.004433006,31434568.80087889,33565823.740151316,48103778.0321159,38130696.16423137,28685353.83371149,50403105.27373465,39157473.8436708,26231386.87260368,35313773.11674087,43235805.77906183,33062054.48205218,43016012.87552087,31749160.51541469,33492861.794035643,32744697.15645887,53594807.72635714,,42423414.20765082,33511474.12907526,32989950.74100402,34288707.66721355,39586615.07320805,40049340.21653502,44900560.12824563,47363327.866400994,54292018.54604185,30221413.182898723,,22975161.678398114,30400616.884999316,39303818.03527847,44698902.69940808,31227414.629461184,36130708.28429015
PROT027,21217288.41678396,30752502.7228799,,25406331.956718646,25299611.487317484,29633694.643653996,27826053.525718458,,20508934.5745636,23756382.669984546,20946388.181812268,16697289.962539284,27083688.687507465,18975127.284930617,25579604.536148902,21401674.588162266,,21887361.118133876,25591904.473243803,,23657181.28984404,32132366.684856713,21910539.497932658,23141288.18760724,,24462025.66930044,27250632.956333067,27090898.209053073,23839742.35678503,26713629.777591195,22356041.26783588,21098473.111967586,21089118.779419824,,20213094.86007632,32035560.76245878,26605873.245287817,25064281.204009254,20413570.587980594,23419833.218492337
PROT028,24749782.949278746,,22838898.076118033,27997286.932780337,23818345.971641745,30172664.767861255,26885509.523400355,31367901.527827207,35401603.13085478,24804706.358686417,17230502.254081234,24567408.432005964,31842036.509786267,21643011.71135322,24153261.07289587,29443615.258007113,19615642.67916976,21787327.663636714,25543163.704504825,31431063.38685091,37336552.100868404,34320732.60176487,,28782413.581685826,22549528.997382697,31525135.51843531,24413642.66957601,30374380.77400964,26572541.804185834,31343389.95221566,20674972.544599164,28765044.673186764,28149420.857921194,20645487.49307648,32997367.741155036,30539403.56036492,25799418.071530182,24935305.75741438,38050909.669389255,25456455.384359065
PROT029,21012196.93325619,23957191.628075216,,21564042.36788515,21754566.665712893,34210898.601002716,26408610.260222264,22582288.89455789,23367425.531677112,30331911.082711678,,22888697.501877528,,24866434.28817039,,29050484.864892714,24742125.822223663,26521392.76792473,,22523896.017867345,,27345871.66346887,36699532.1481288,26119805.571467713,23104139.800184265,27354578.778157223,31200493.096351087,25777734.6205106,28605455.604934666,21443607.816251103,21259657.790043622,24186766.278355453,22254015.986887842,40704318.73957094,23801656.976878207,25643592.533567972,30147661.83003743,40904862.730290994,,22508535.419987485
PROT030,30983643.496026594,50234824.304107204,39041776.93084126,44391403.6429311,33875871.70987983,53830453.15810097,41593633.07382431,40227338.69599046,47569010.942571245,46833325.987302825,61203285.25258763,51460205.34846016,57610146.641585216,49822350.12402443,51206412.731052265,58231123.20300508,54076669.702370524,49483288.39100964,42339586.78488538,71403127.10111076,,64330593.08877509,51669783.91995084,44227112.26908715,57617864.989140235,69054073.91793026,37714443.3117497,64249240.70280269,56674352.32127201,78480023.4136946,50227397.96136269,66635933.570984334,49376388.79985201,63322611.95446331,55335267.08842491,55553930.26382602,50211833.40408097,50079466.385529,43617040.29462249,53186601.0054344
PROT031,42818287.36902277,33401587.712028272,42676982.951788455,39542352.802712604,,43269480.4162484,50982325.88964519,,31080711.87237335,37943239.842737444,41857275.2936385,40561049.988883615,52423434.77515996,47418617.38252893,53117072.50581203,38619170.85806001,34007509.58607719,46337436.73828776,35058517.236506626,48119341.8448397,56776780.73578173,52379234.222449906,40806531.708205394,,64860529.215480365,59975815.067715384,,51995024.945155516,49531550.16364786,43192268.25482206,52919916.431433015,61790339.66674202,,34772880.983214274,32798654.063874915,48729740.73544912,50589394.933279306,43957807.53800751,63099313.665836,32244874.07538202
PROT032,24614177.29162093,25021153.1320809,20336454.137734298,,25360350.36268891,30248218.717409424,18928504.50175847,19747550.94607643,22424904.863170993,31391846.984101582,21152332.59088486,24480675.00901362,27244563.6843477,24384210.690174747,19971109.25264351,19848758.36535616,21888896.285509195,17847874.228947215,23464854.648920476,24781763.437551316,20943265.196935594,23276988.967581786,20092923.274875052,29601959.421275448,23634021.835310873,24790831.731510036,26957515.459146243,23238725.059072364,18795262.76841877,24743554.979007952,21779792.43890635,25058671.88901077,18717463.43048528,19872223.947907366,26004239.150892567,29781046.116553154,21781001.73224151,18805350.96966431,16278448.275096772,24179679.157473855
PROT033,22856049.703788944,34193531.23945649,31347351.402315684,25166097.049371697,24447596.37593336,39410373.60092582,20922585.932010762,32273697.005128518,33359680.616765473,26256114.141996965,,33989785.25812264,21369645.21981778,20124986.785821173,24659571.851981595,38142563.058228,,28910082.16171892,28884502.360596254,27876484.928888626,21259705.105560496,33415578.89868015,25822430.54129648,32180983.003055073,30077655.010833696,31061577.14697654,28329450.110898167,41828730.34638317,31785896.774354666,26720672.452354647,22363295.96706512,27703772.350691445,28982902.573231485,23422632.501362085,28582802.950406536,38528555.66113704,36509545.41233428,29931331.890824582,,30220285.359937638
PROT034,5104365.565242511,6183487.927049165,5315704.55693785,4752892.132302505,4807874.981907602,6275547.276900538,4506116.526981021,4731864.584090122,5099624.022639769,3979559.961152182,4965435.833028572,6168395.929920469,5673932.982647528,3909891.511037877,5059120.2078494895,6299389.34030402,4253926.833817672,4476899.175513775,5349363.447136359,4206486.384733899,5004600.916745817,5650200.190073379,4257031.685273686,4979387.351445035,4752816.153433141,4913954.537218636,4399438.973246742,5505141.3494929755,5047702.365676298,6621071.082296652,4134301.5723094083,4712876.260269073,4104516.618578375,6793770.013122466,5937620.424232306,4859894.618025557,4622398.903349556,5353025.766526105,4051029.5628527016,4671863.919485344
PROT035,86233390.03684962,74392602.94065274,108024388.83034734,61351593.507210694,63583301.84019547,78433250.3793125,70560447.84421214,89326413.28850578,51473247.33395333,69893436.52520427,75494829.59189081,66633815.550741866,63316613.67833301,84670231.29161663,95914680.09923138,78206830.36165355,69888499.57365392,86274473.86656274,64225393.59983779,63938325.653430596,47924979.826959535,72128517.0452073,85374169.40353048,58956455.23878951,51775502.53984055,76712529.00350663,94380554.39825875,76741680.03232044,65341167.95103992,72392418.41897543,73779743.69505395,73551297.46809079,72859299.58338805,67523070.0766734,86803237.10517354,74776165.61493513,88693486.11189686,70289492.21747242,,73332407.0690127
PROT036,16707232.525285117,22757981.84445658,14367178.700663552,16603691.21782833,15673551.564361634,22628792.133168936,,16951880.257138744,16739178.475682428,21054572.467607655,20721646.256423783,17623173.106982775,16370637.330710657,21527486.860350043,13644178.833132932,22452105.859914128,20330371.063864537,,18676657.026663247,18149228.60712954,13686968.952862963,20222220.785715215,15857991.004050745,18480606.15336797,13416917.873617668,16257664.674745107,17536253.69417586,25760523.3410244,16086980.348489702,20316761.56918094,20742414.59844537,19380843.565763514,18088508.607763495,21374567.14087694,21080863.442512155,16192639.378844121,14817555.042374915,14135206.85415818,14164157.37489249,14927338.72963795
PROT037,30758203.77389752,37950153.376357794,28748385.267545883,32076901.67374845,29433230.481640697,,39660155.86906147,37958481.77680258,23782482.888218984,34037450.48954544,35444267.37554217,34058364.0297843,35863940.83940212,,41591767.96629416,34486574.91546895,30172331.53737388,27504169.113472085,29229084.211540613,39163024.408248484,23626278.462993205,34497586.45936497,30012288.801077962,31065743.25350794,30841609.02410914,53216466.74089852,33808030.68677006,38692830.16588773,31401213.762295347,37696755.53039096,28720652.500200063,33980444.79000965,36810649.26989442,37239706.12241966,30878224.71888688,35821543.38546444,52685856.39670928,34602190.241317526,32894684.514786787,36652728.767628714
PROT038,37395079.77144568,27595407.432660308,31946164.19848192,26837420.661455903,28836809.031706788,28424851.271888576,22063155.126229357,32677569.902796913,23492736.336365517,31855450.076100916,37927450.46231967,27267918.990311004,28688373.714644272,32804181.04026561,32971928.930984434,,42250590.90913047,23913734.385156415,26294607.850360535,34042484.708044335,28512067.14374018,46731371.4745441,31566287.626168072,31106018.845627796,26654492.333880715,27627670.985787243,24771447.667905226,28651791.182293735,24254716.729881454,35727764.064304896,23041578.349479225,29134087.86826251,29026297.01343458,39866071.67244209,34210563.13124973,,30013098.02587323,24072643.57654129,,36166947.803078234
PROT039,24209539.819693428,28339245.64872697,28249728.078785136,,23710493.16210744,,23112975.24617168,35176747.18830255,32060614.026370563,24489892.2295974,23603708.350830432,19188224.169043906,34606671.2039847,28355476.86365078,24124982.49917194,25383353.700720027,19850226.136288486,41324082.7307927,24524692.50600605,26386500.22383528,20033892.93344443,30389229.479194645,29050217.087971363,29235140.339502517,30439979.92918589,33606270.17565453,25122572.28114711,41006861.25377983,25266698.11437054,30800721.84458567,31372035.548283026,24110220.03106167,23199353.436631855,35272424.97173748,37784175.69044428,32674367.565680612,31344860.76871082,32888292.499248028,23306639.89892617,31351371.962264642
PROT040,8549922.505110197,7965223.35591108,7852204.80524942,,11030473.337254908,7747193.92375006,9636504.49914583,,6465247.001223534,9541640.988513775,7314081.718494555,10637996.532841675,11863371.439168816,,8113976.0166616365,8119447.113849028,8901382.85157049,11144501.43098604,8717399.009128856,7113694.880375334,8539178.805488527,8094068.751549489,9348819.355764536,10882514.821200354,7366558.580066184,13189281.176435448,7490701.254131996,9002900.543493258,7619243.999633183,8799289.422550293,8317561.986544561,7874665.5077534355,7450176.738823957,11297420.582968963,7561074.994651591,8803176.881390136,7836446.517099409,12332120.382434841,6816802.34201215,9429943.228819072
PROT041,34156733.137149796,26047382.435571242,,31837281.178456053,26013207.55292318,46400650.60769112,30313891.307414286,34400169.154475346,33207694.175258286,23739901.366937187,36628632.24729497,45263120.79572937,41154180.60876586,26840079.114228986,25201142.594158024,34780919.98046851,28598832.057126094,31656706.83624257,27174263.166339014,38140533.58566654,29878237.03937485,31889713.88376087,47263767.405815035,32225741.64075603,30340133.808276687,38091418.28707665,36506135.72644536,30093271.149527192,,33361871.640231717,25269039.44874105,25934412.034917638,,40188442.5392621,24372262.0388371,25674231.22444753,28138450.138037037,42072401.83020134,28176891.37855213,33492289.607109513
PROT042,6922351.148716669,7147812.114580376,,7473270.512637064,4427991.847461874,7272723.524514394,4964135.589184268,8276850.2210583985,5308732.280428835,8668493.673910627,6298073.116296926,8046099.814132199,8536471.197849113,,9668993.214108378,6782157.614444544,7822369.964187111,5203728.419059128,7194786.827703353,8935582.256736938,7957489.995466315,8621001.268226016,7911794.941514801,9401936.368222058,6563356.650239636,,10027190.03312213,6558135.5003821375,4239701.732183452,,5393277.453447723,6035522.409553966,6319584.751626178,10123085.120037094,5724915.868856437,6410508.434465304,6322512.903885809,5975896.283235588,5911553.744521072,7210766.260557707
PROT043,24524980.414951447,33754073.69832751,28336714.50232319,31969809.34248708,22518828.55945674,34617100.29608565,,31892219.80335544,32263047.827638242,36698704.70706929,,36267609.586459495,39351752.90978704,48688686.9255871,24109414.834412698,26638123.21328681,28332117.54007978,32001786.71335156,34821652.65344728,32531321.282536566,,23146344.611194935,33572304.9283112,36157242.87555229,33738468.678850174,34334408.252236664,25154788.427890234,30861694.366791144,22999593.06149948,27336187.011770498,23872050.71496316,32811428.115287203,33353615.633610237,29396004.977919925,22184278.32206159,43290916.11356313,33111507.415378343,35828346.38626647,27854507.09777988,26868139.813036904
PROT044,21714185.40446029,27878971.79668773,20321491.682261262,18372628.356697828,21443249.92986175,28345105.053606693,15107910.495487556,,21053804.78036192,22194172.842257313,23632411.437152546,21046690.59656896,20067375.364011504,20074997.001538634,24376279.694929685,17388080.14874793,19732939.399399947,21740868.06841835,23969056.260506496,16267464.500463018,21904574.89213351,24411367.62959196,19525997.508481402,27827446.839682393,18274427.814962637,25170931.69458611,22955523.162726153,22290570.003319148,13728667.55733354,25277017.54268293,23896995.22303306,19126420.31267149,22155143.58255116,27694520.720162872,14995713.319120223,26984525.47181527,,24650215.65897988,20991546.016889002,
PROT045,28579338.933845133,35452534.99614457,27424846.75844634,31850452.845195048,28402984.87472334,26422235.070893124,25014176.901970193,38140104.97511785,31727446.129415724,30592308.598798595,22813009.39196417,28903727.048588663,31393225.566024352,34952518.7380428,29444623.160026092,32289904.266869977,,19758900.157233935,,26003335.990442533,29925563.7669409,31348889.81286676,37153124.45551708,28508195.4609836,33591144.625424005,33285107.85188023,25593088.981371827,33335226.260324147,25327842.892478786,28382605.013008792,34723806.59617808,21393106.10652636,30503532.47952421,31784311.95844061,25497092.061397403,25225052.466211617,20069430.8989905,30555716.632186353,31534999.026037786,27904405.859135985
PROT046,6310174.055257993,4249025.519807713,3318771.2043904373,4274389.19015455,5437199.356219658,5259255.7714501135,3147993.2031988474,4014836.4623512803,,5084380.830199343,4382940.674768516,4633048.984561175,5071923.355184775,,5571204.026648374,3921922.203744226,4803395.184396502,4454665.221775155,4420535.750500163,4320473.355199311,,4127552.8158867024,5052977.855712557,4243165.723248508,3983113.366828768,5049374.127669439,4287227.098907825,5088668.34613428,4969748.068697906,5499509.6465994995,4772828.698628829,4045982.9886249457,3867179.634581778,4362519.39251128,4290979.361996449,5352768.322205606,4127534.625847673,3507370.895538045,3565481.0916020316,4613957.524338637
PROT047,21887554.371679537,21198324.46028186,20595480.841621853,27837398.643913213,21435453.907439504,32169694.63972093,31629276.588032484,25393651.577412955,24636413.526906036,21351518.269055326,20331932.517364256,25544307.312424876,25868169.787127543,32686968.12372676,21501312.146991637,27381368.16861196,26974256.610088896,30826152.24175928,28091192.09728261,32192469.65427697,22673463.21263474,27019230.38803205,39639913.49803481,22582574.85667266,16508824.3054659,29564975.555079885,25469641.032316756,32878097.788886927,25334596.208403513,45337065.98431085,22836614.703544714,35116430.272233285,24900108.43485209,35862768.69528475,,26337547.12991113,26584991.32002737,26449871.975036226,20311474.507324226,17638931.59791817
PROT048,12491094.292826805,18577659.09074343,16363615.74386696,11640783.623611594,13397369.215926759,13433675.577295749,15996151.689524094,12548628.011639666,14961129.529963464,12599982.14785356,12836344.945221016,10694120.062466662,15842997.147767637,,19972727.58179277,14594200.854033343,11620791.18744057,15565627.67416907,12840582.980507346,16048025.448221903,10641524.317038525,14576811.14941962,10619726.402093358,16669126.725278448,12104028.804430762,16656751.94415169,12537581.960591866,,11265963.104731781,12144516.20689003,14671552.059638962,15060868.066477237,16892263.211979866,17432713.357728466,9608457.787726164,13487600.277534641,14404327.173469357,18593893.469140574,19645469.98217487,14181760.111187031
PROT049,3805968.6846925393,3345089.6035543326,3588639.7528465753,3385431.716911155,2725953.6511635594,4131289.4640728245,3911473.291057285,3675967.7303882856,3228239.793740598,3070936.1825143425,3574591.479902803,2715776.606166396,2452369.6646358916,3548168.1451985007,2779194.994138568,3198279.513294193,3549341.964536104,3488560.7603613106,2600904.2252441645,,3093965.8134365776,3786759.976553535,4694032.992412922,2636550.015157865,3895484.677971912,,3485988.561766906,3218305.5753814154,2915528.509282273,3724958.9672566634,3115990.5462947534,4563293.671534533,3258217.500876598,3096387.2688705274,3664749.148545687,3853412.910501262,4229262.742688507,3267128.3482786897,4535433.171007128,3234273.8544807704
PROT050,12136135.180975562,14627228.322613629,13450927.482431175,,7865361.977105921,14270661.692752663,11319156.856588352,13372942.055003278,,13004783.19311707,11371673.919786658,13189474.922433924,11153185.521396935,11273563.73376065,12257610.63768677,12771013.359038057,8783396.74983203,15911004.164245872,10149272.925020183,12278299.437014148,12213509.222931853,17553080.573290884,13692639.501647236,13562983.785974545,10070375.002930187,11693033.944361867,,9725715.851398436,11442957.712631227,14843823.523364993,,10984276.846951585,12288638.880912919,10496967.13373943,10899620.838441644,15671078.418377869,12716056.376747837,11397223.346036803,14030675.512653781,14337967.782550458
PROT051,51080234.44718081,38045150.03955206,48077596.92727327,56759291.684625745,,48666215.31070867,,57146379.21498236,53105208.136977926,48914332.87540635,47532789.28544437,55688640.37057418,67021806.347619034,,39066155.755667955,57019533.23800851,46505664.3486639,49645273.13542895,50862678.34274094,43585057.718044005,32898259.360767495,,52206056.37292061,49899671.58912812,52417483.992050976,61668800.34319233,46255582.46115642,56005716.26573879,39280877.25011119,53007554.591038525,42540754.543593034,82177844.2440488,49080048.95431196,50467581.562557206,50569729.2192516,41882055.76877665,43016618.542946756,70781127.00106707,39967919.25273332,42440948.69906856
PROT052,10916715.972756805,14791988.563922675,9583825.608810352,13069419.873938717,16651872.092620896,16135668.427127754,14581038.953596147,15847094.962202426,11141744.220147096,12778060.12518806,11066926.524186354,,14431847.77295612,10261396.496383447,15156119.46058093,15960454.197737772,16490231.668540025,18066467.42995569,10997170.261038307,16234373.230418172,13369711.710760241,16181384.361697277,14129367.166470297,13186704.497632703,,19833250.181422926,13565249.66391848,14396928.716823654,13123293.652042415,13646553.460510666,12232851.783011701,12260131.636640674,11869619.6447549,,14863265.782876682,15806301.911364159,14947852.315413551,17314594.67087351,10769995.233432943,12681124.118656391
PROT053,4483342.129427008,4572179.293952951,4703059.905903037,5140090.839791192,4040737.2018342307,4923395.778889778,4506641.833923536,5141500.7223592745,5013870.153791331,4446699.6560368035,6490290.802480413,5192729.27666408,,4639859.080134082,5123463.824045522,5380728.850052474,5810124.007119528,5070020.225434245,5753495.920981381,,5816677.456758968,5576433.929612062,6214726.948841559,,4333466.948236608,5110263.075618775,4927836.298084366,5234783.4823767925,,5234930.371168845,5774725.489691114,4008457.45279085,4529908.893756581,6782798.107674187,5057123.328977267,4307276.487633019,4363667.158372208,4122939.7293525874,5212358.535505044,5103370.838904642
PROT054,36438639.33207514,30290696.810466718,40667191.40808589,35995108.68089274,30072990.587689254,52719651.62675951,41178873.090226896,38609958.94535437,38383215.974871494,31958130.45796279,27169218.75426444,31609027.78435842,41404662.6246594,38048339.46771305,41355160.76808763,51092680.190918006,46705007.286675505,42574754.0403283,44469597.29602883,58404076.701511085,38761771.9276804,56730452.61612222,44174264.16810061,42193824.0319485,44684851.11476014,41238979.836635984,35384820.04565988,43144041.65477318,44590528.40695297,52423744.952558495,38839050.645203054,48541362.28202932,32859118.392843142,57962184.85608867,32365370.589778997,31459842.405413654,39178656.05627781,,34685963.84241907,
PROT055,11061262.039694725,13235132.083961636,13444976.012942946,11092349.587973954,11144334.15205501,15507042.571872648,16754951.111946436,10297804.776080634,11312037.633388005,13216182.628536224,14670992.885616435,10833666.948968157,,10627288.54627683,12698584.249948049,19539109.25220327,,,12841188.1203741,,11427482.187381795,10584864.135130148,19816949.58445506,11489081.703324975,12281616.873410465,14876885.415829713,13734537.875826826,8311785.136995964,15381670.96944377,12893378.959094368,10284030.598790277,10093021.306031777,11157569.60488282,11936106.214281805,14845507.141442962,13403892.600433558,9707371.634188414,12398778.207156302,8260325.24585316,9659383.476272056
PROT056,38179696.54362023,45798621.82138719,44834510.051686324,45164090.00230376,29623134.33129412,52934071.25869365,30705411.540234238,,38251728.10947561,34817436.01193582,38420751.79829004,33095423.65361234,50008190.85380795,49027420.7377211,47748541.23043703,38450771.827696115,48847016.960111074,44191244.638740964,52867601.61192262,38407436.52846826,59854797.55626839,52840879.39280493,43011296.073891744,45988717.8933691,40885371.22863716,48930634.52909186,46362302.17014798,38394400.93539114,45001372.79797491,46518899.74228856,36456525.33628845,51962398.651445985,45340524.85108692,49380739.563754976,57163831.04107712,50146089.4933529,40633447.44903535,37571198.59954987,34840247.871021174,29373699.060212195
PROT057,8473430.750771761,10212293.338150714,10484121.73718711,,6092414.795737041,7353122.325728966,11313257.725086918,7359430.143323602,6756766.875308248,10658054.203714639,9537892.787957568,9211257.196823798,9714560.561635857,11358250.978897022,10301629.35778991,11451121.935995014,6120401.747731637,8037274.567192202,7547314.899088659,7178589.7023246335,7892641.901185035,8204088.1186087895,,11040071.894746054,9684644.917559726,11530539.662709164,9304635.321588678,8653275.290075742,7072873.185421609,11153582.77097794,8648359.960234987,,9131725.068218285,7733018.6329961475,,8386607.99410869,7380375.925074849,5669531.754190041,8812350.803866206,7986761.324375472
PROT058,16527671.171611032,25274410.797998056,24557209.810868096,,20844910.330977205,21329868.0587109,15062595.228404049,23321827.348527852,16198957.833522873,24094581.676385343,19808959.05912351,28764153.518123068,19919069.200096406,21021623.389314476,17213373.24446383,19847215.71385347,15601908.648856334,21652992.245618142,20708240.417393308,25882393.673890587,20930512.47310095,22667446.90146227,21750106.065959483,15957234.179475615,18038851.177650716,24312918.63025181,19168494.096434813,21458254.448162906,19586085.901894998,20971230.249861274,15858417.940997873,16246143.007185623,12971470.442908838,19444529.60864503,19684171.10343922,17979006.427630212,22426773.321968216,18027850.889694203,16158780.65642418,24062283.365998276
PROT059,40945954.61021817,41419008.09661514,33666580.15631083,48530325.358310886,45068514.81097643,39265487.99633342,50699630.93793199,43675601.9255952,37963672.78809893,43027046.45160001,50935727.15255027,35111255.08566353,,35582614.353694946,51824557.34826429,43560056.15943563,34141825.22600139,47690921.86439968,,51022480.62120193,37743286.053730644,42657428.55014436,43281864.53421774,53656880.38577818,36670932.7189278,54101214.251461044,28585718.612639092,48159490.0847115,32374912.14042699,34820750.742106825,39880018.487540096,69047307.20811196,60469044.71155858,51630947.33811447,36556437.29801763,32824130.933017943,33799642.19219442,36034492.746823035,34901359.21829717,44445657.919254646
PROT060,65663422.80426935,64349658.52961597,54517517.83657128,60919171.17888567,85188149.76702419,87900370.13574831,56656553.25524636,60659417.004700206,59146592.754616566,51760582.66871197,51271028.28185092,60227872.47136711,82868853.7347604,75249494.06548443,86618551.64943488,61882145.11074768,69906198.84879458,60562344.30782554,,67325049.31703907,55411354.81253706,53627598.94591536,,56204348.69986594,63246537.82823515,82367486.67464511,69223715.54657221,63981040.66662679,57575320.77514925,60306284.39529418,59737670.1459336,,,73633407.13582802,47353777.41007918,59513164.78836171,82569253.01890145,64970890.16215972,54369116.114629224,55754882.061562374
PROT061,22876603.745341524,23602075.184266645,21287330.990982115,29751380.978206012,18279029.525400262,27144479.910296723,19605939.360048387,29854999.833109032,22357828.925065253,23664308.445161495,27493378.400817256,30394131.60384682,25851265.921685956,23749084.141317606,,,23985628.632670585,29110406.78444795,22904675.214021936,22867441.90809926,25280487.503320355,23693402.66721192,22694125.753664285,22276170.556755,17921668.42704133,22775597.86461616,31751834.30160052,33444935.42695947,22632840.61097777,25378377.832474858,17428740.47478576,25729175.196229767,20965329.23456917,24974905.832153358,21238754.527389348,29559105.060394246,15996595.038269525,18620168.283494297,27013311.348877836,23188945.014456145
PROT062,9728432.500472387,8638095.748378146,6931454.528331497,8993489.940188283,7863915.876528759,8275194.392295633,7408469.464944579,5989815.833816014,6502857.617446565,10740490.49868052,8961642.179056462,7630177.85425317,7497946.284204038,10786799.258614467,9114707.471203754,7588160.095672709,5971466.423165755,11005881.683756527,9254854.288390923,8944778.542220764,9261318.25362012,8702004.950839652,10387068.334625179,10155180.226001572,8440481.51118775,9320268.327471482,6993013.765900805,9964266.835829243,6546464.77414703,6473012.036882683,5912524.113123984,7269344.511362694,6898846.135077852,8281916.38264426,8564736.67796312,7343546.261135307,8970875.384140927,7264206.540899922,7037715.694330552,7694420.051559724
PROT063,19321315.201979768,25704808.76317029,21909678.214626938,20083974.41096949,18903615.7788913,27964851.74390893,23673141.848523606,31360621.40949165,20783902.66916444,20842229.14907324,,25554726.9966542,21165083.204299606,22363746.055143896,18729479.65237188,20462102.955334626,23464816.60484025,17010721.01047874,21049437.41093152,22334096.804607935,14795413.832154432,23131513.803088263,21392795.8953282,26589233.879664477,26038689.767913774,19591774.874208704,21357075.621626098,,30105932.378090654,26353548.01716675,22803847.691513386,21556757.835004017,17545276.66638342,21933654.60277683,25858342.43307909,19498455.97542279,21901436.01068136,21828694.07209297,,21795437.64242298
PROT064,,104579060.39103921,68870571.78091331,93261892.12311654,76340455.03634052,121074646.87287238,60410348.537551545,104512707.65622985,79379684.66537313,92809415.31067078,80550235.06949787,100274129.51120795,100509652.8305202,81618347.2802452,93180454.93306783,79491358.95359287,89997346.80616729,109003530.96917751,75690926.87120378,102091602.95444241,74999901.53334643,101039802.00830051,99204320.8005477,99494515.40926854,80943916.16529812,129852682.61942518,,91027598.3753429,107498576.11460087,126791023.00854757,84043951.3890345,96981188.23784122,84511503.16159388,108574867.61635822,93472996.61946754,90964361.48266232,107161534.39189947,78333806.37103161,75477537.95389245,100655826.60569248
PROT065,54386822.71600479,68196942.693199,70498145.05737963,91678875.53537995,69349187.05155648,64454560.73065614,72308614.93375582,80444344.63142984,78404121.28214087,91095525.82183513,88487590.83078133,79901679.24292548,66625657.5310879,,73476227.96028768,55824194.47866009,61248430.847246654,68445039.2670129,73142139.39727767,69468857.25551902,55740239.11648528,85008808.57029481,63993688.65878623,88450384.10972312,51604988.80787877,79761016.26182628,53211045.38675009,67481022.51342146,70122186.43833847,,66206122.9312244,61277436.80278365,65461893.7866429,77039805.66840269,78478794.8265792,,71498571.68518977,69309342.67410906,51858690.47718687,60701477.36090873
PROT066,21325010.336723417,17911276.986974522,18719004.532156985,19029441.272924908,13538189.298530249,23710856.08013946,18422162.171775762,23085326.984214857,17793402.722331267,15912311.44601679,17523245.379229564,16513829.419792417,,21123931.9212519,22769611.793885287,16128916.124732774,16803642.91258415,18561000.64723355,16621285.49908093,16920608.012906756,,22741847.951892458,15773848.692444252,18738290.756601896,14003734.153423093,20003220.49317412,21470688.571139947,16434427.630198723,18274370.660935715,,15509581.837350784,15049712.218916107,20262219.126522485,15586758.811103674,13004789.745098185,14304308.647180054,19335292.289493695,19073687.869187076,20076005.034720596,17653070.018475525
PROT067,17751122.52628234,20685921.636783283,17900796.474449314,14435811.481678985,17057937.693088282,18796160.844465483,13395496.529472142,14162571.616895027,17423280.08667379,16953596.18196721,18959004.48100118,16781032.846221387,19149331.92665223,18550292.934919268,16625735.435181279,20131209.354476586,21718132.65608309,,18127059.29481638,15145578.839903895,16341747.502619362,27267200.318996143,17520495.501919266,23210872.079897393,20241314.333305538,23125499.963215325,17900788.955583703,16220347.332544701,17488738.76231254,20501274.464131292,14051351.243474305,11964256.035821326,15200042.421051396,19287497.253125273,20653320.80743864,15601579.39943143,16330076.7099947,15001469.273818614,14828691.506824784,18413771.89167534
PROT068,10225985.55670561,14815415.499963215,11908306.608426224,16017229.83375639,13716394.904275155,14513966.804268805,9084791.107525839,12367853.694877617,10419947.52422341,14127769.090264086,17094610.707274947,12599547.173974717,20137841.233313058,,16123677.189596064,12134078.938986499,13311002.828184107,13673958.726124328,9759309.72951863,12866492.481730916,17439794.097973168,14114857.303271377,14966758.80912396,13960137.740347892,9817515.77093353,16905144.545930997,14814952.375101056,13099057.542033153,13695805.690124378,14148019.758213261,15305325.215897977,17776152.67569145,11836294.873246795,22160959.266867418,16408862.11856381,11407354.656466763,13787939.450355286,15695089.436978389,16194065.81006201,17834787.37895516
PROT069,34785268.29013452,36895925.14100281,35221525.089623846,34649133.60864603,30057795.312009554,49062637.87754519,38270340.472143956,38553936.11829954,40433158.3361318,40937553.03581417,29712277.18880958,32632018.80089816,25870868.041208096,37363099.59030573,30321390.939743917,29363092.264678832,24404778.43465297,25573423.283374265,40862661.92352247,27267361.100644227,40035671.09536183,40948600.13399226,26508840.148191184,35813227.19440901,26873295.075716425,36509731.92268938,34466314.995782,31371848.146425806,30279594.27924063,30503488.521224346,,30473282.306854367,37585959.16653521,40481626.382257916,29296582.4310002,36961320.28073364,24712584.17203742,26051110.78286537,29871421.701111414,27499897.934645128
PROT070,8490766.046399262,11235805.794831213,12873061.263874056,10585253.428661522,11453908.5996723,9703481.184854418,10620729.49392144,8614490.384738935,8695640.519649785,10089842.582032135,10164604.481770612,10357111.012179688,9322073.941266403,9342014.205596356,9723679.922517942,9385579.215381527,8188773.647890837,10337716.758541614,9057222.42283146,10318125.119844882,9195174.197792869,13781125.989973012,11734167.90987275,9854711.747167945,9516536.452867704,12458756.204655081,9130584.269526027,11395850.60972634,8760934.947825491,10268957.578486519,11401095.116014004,10088145.823885811,9366005.309136726,9289823.273164695,10557572.8860171,9579854.623259973,10856068.622074865,9455050.456149776,8412793.156005211,10171774.682266062
PROT071,,5725573.987921954,6445751.699010552,4942309.327718609,4273399.027077747,5564693.0806960175,4084286.1185533744,3748316.897367356,6180979.5627339035,5442295.6771903075,,4002405.77469767,8318603.984248408,,4495491.749255162,3065790.6062544384,4665670.87302041,4195369.224310136,4097642.7408840014,4718954.072555327,,5926867.615724428,5056089.248763908,6250219.272488154,4757437.357188111,5650612.7160298135,,5459177.414204328,4076186.9473763546,4943746.34060733,4075789.6758196093,5763313.98059932,6056806.684791431,4517018.103976045,4792435.351805828,3659945.9770165663,4013594.3685191935,5449861.667695915,4166069.5382544594,4413237.87655523
PROT072,18684914.36088232,14460080.872215511,15037612.606837016,10337048.715853553,16684353.303854166,18437308.763272308,,15978095.591717927,16141914.35235348,12709418.65253806,11034999.483345224,20863242.501730308,21453039.769086067,14540372.214372898,14011598.74271141,17404185.333116174,15620281.433457632,17997753.949667316,13755193.807100803,14259803.547288153,15726989.527301406,16669930.530720575,19466048.56352098,14653582.094415909,14773944.61701227,,14472753.322612392,15010237.146636834,,12529681.877235048,,,17403356.4574238,21038607.882382758,,20315376.542188313,15967117.20881411,13518918.772872549,16667376.878377534,20342061.628945827
PROT073,13252614.908395022,18113870.946856253,14046556.927289817,19474114.54680706,14805401.69370551,16442614.340592353,15082895.45408878,19979748.033833615,14755424.368148996,15998890.902997987,,18915634.892718043,20204165.550899457,15600087.793948835,10144951.581067082,16465623.02454901,14689008.690861002,11988966.503733525,14298008.232034918,,13019927.01164169,25589097.367493086,27084670.485335033,15914718.41812293,13386405.729538409,17407806.327962983,14698229.71644889,13089790.495412277,14746008.230325373,19377725.366157766,14609898.030201541,17751172.37692001,15600433.850104641,24805083.45760466,,18403489.45519731,14231414.30717694,12715831.348847738,16223598.94027363,14592149.277562251
PROT074,11267446.368823508,10035353.982613813,8750920.981995678,7718112.687943242,8892466.697003527,9944822.653183203,6163008.681020799,,8560245.785486646,8483035.520507721,8334948.707685347,8444100.746479377,6568796.788529289,8337620.881864882,6669175.5085912505,6959321.920517132,,8819466.546399388,7831205.826090922,9762767.281995451,8106876.312335174,8105622.33021699,9677523.43763376,8769976.79504495,9048815.29015623,8430018.086960664,9560885.038585896,8719883.385576028,10548330.2271823,11071350.786752528,8647582.398077661,8871224.612412935,9262864.173131062,10295572.47211558,8269575.018856765,8805525.756868813,8993164.951893417,9527962.935879497,9380247.83813582,8845507.680169344
PROT075,51613608.12269646,59835785.42144318,70129891.86568597,68544123.24681354,82066054.00917473,66288196.88281929,44320695.16821651,62483370.564679705,69312867.68870135,47101237.84749518,47503323.32141297,64834433.94073868,73776305.35004623,76554016.446525,57181026.71661216,50811332.9728044,47908487.64656237,67890184.26847346,53876873.711323105,64096295.10197926,56713447.483846776,82869381.46949014,84574211.74769816,70083890.3885981,65424993.08018041,66490157.22789108,56808413.91027601,65828566.67214545,49380943.49715677,62011654.53130735,53290096.44025511,49489736.85387865,60191584.84838651,113445173.92858441,57128834.423128456,42758483.39688015,52317435.24523609,46807376.62928747,96376724.56488866,92461808.3201754
PROT076,60073252.89714354,48778277.82469467,61296464.25201966,80796486.1516606,54532502.750063516,50937873.32155191,74110670.92505604,65618963.07121224,61207575.13266413,60595503.48360149,63349379.92766384,79258558.82142973,81115156.9732834,95585072.39755177,59719347.840298526,85543973.36834002,58730471.63216046,65509446.87271607,53575855.00619967,83213485.08651388,75430843.681185,83614997.40961865,78378959.63168128,65141951.30321696,61159519.45120001,76965857.79572508,71917789.88414778,72422536.18049721,70996397.96367401,63074511.341844894,78482630.30718617,68990275.35752456,86674001.54726991,54298751.46257352,74990112.12948905,102633730.08063035,71811800.72796132,62619103.25278224,65712597.11922606,89183183.60625587
PROT077,22331369.702939615,16122598.932511378,19169799.1059335,,24864020.211025327,16102656.490174474,20580133.52326216,18955773.415580887,20128827.43092333,25845054.963486444,17543177.260797076,25468580.95907138,20303544.324175566,15696915.390545968,21021914.697443817,22990110.47608508,17780034.251782924,18974719.50308468,18259768.441071723,20325365.037822705,18646062.064999804,24400473.76850975,17688702.98249758,22552266.039841216,17781751.684151735,16733309.289363947,22500883.186957978,19958553.965426598,21659354.735996597,18391491.730990265,12952377.86414354,17932937.903119437,20437832.111461062,17175742.611398906,22387599.9236889,21316364.320252094,21129026.89344166,,21705711.295255743,16730157.004187074
PROT078,36092748.30410628,38973499.09171761,35517401.164506234,,36593637.96577385,33707350.493227124,28535506.890923377,34821673.381648295,26363976.7376068,32801740.369694397,38198086.59695667,37500538.34356886,53316046.35244647,29003758.827949878,46314491.08416479,28448637.900876403,28499874.12865924,42409536.45659337,34901777.125782,30037611.26153023,36505162.85797454,39664125.86088234,41771111.94772646,36946258.102183826,23360936.56641848,40892457.161344886,32493477.239873547,37450792.14296105,30887286.05429733,42558897.716979966,32848783.99659161,48068041.26444801,27403199.663485963,36137527.38987117,27321913.11800332,40376555.54538334,28670592.784332465,40597628.95488697,29807311.637038063,37741869.79624553
PROT079,37261941.23637608,49928399.14938943,43238493.7101695,44850231.57040401,36760479.658409074,60944614.29631011,41538065.20324189,38583008.73241053,40308681.1110043,44296266.362170324,37366497.38778972,45044216.57384431,40304565.20862675,32560621.315560497,32300273.760997415,46422631.496724695,34919462.24909954,37215061.04710796,28644762.40363068,42963278.81423062,36954930.57331051,32909558.04983734,57014735.05666688,36883260.27461465,,53125935.78107212,34509280.63889511,45401472.544669956,44145698.60925722,51372300.44825643,32387713.21150861,48713907.49263959,,51950123.24512804,31576778.620547827,39020561.43170742,34211195.82942207,37559768.6101692,57746300.90056184,39910277.70253603
PROT080,22713834.10031014,25205160.476254493,25735558.10887382,22082738.459415715,19628040.864689678,26095006.863806218,21649651.03599862,22285024.61824928,,,22619296.849538475,22184453.75205876,36034722.80003552,21121884.88150003,25130699.960538182,20178863.10368044,24897010.758870374,21472442.555376977,23359919.420595545,17211938.555229936,25226651.840619806,26492037.468534656,17176925.71349193,24711010.758135978,23278930.285417918,26795072.76137674,28265229.85357287,21060202.26525744,20095080.6758759,29626237.47150042,26347984.99827556,23634250.40443504,23788391.394428074,32734864.36206277,21183849.75217183,21936146.304787222,14756313.782967048,,,
PROT081,22688477.082126018,19064476.837438904,15020206.424454216,,15313810.26281883,16377343.973289955,13591060.134856448,12872916.20867338,12543855.22374645,13899400.269550554,13880285.78100411,16367815.829811687,21009663.359960817,14900120.318274718,15253121.719655303,12869136.603561275,12630623.095636532,21570527.411702797,15011603.893985778,12393937.02874735,17413702.34858493,19229016.619738482,24302760.116858125,16424626.356336242,15579221.53867403,18644204.838040303,12338575.531568823,18313652.39204029,11197853.698035443,19423195.52188083,14936306.279058859,20275049.317220528,16550908.614436172,17677480.863141496,13265829.994311715,16573183.678183576,11060864.377488438,17596084.06151244,,20676316.51280654
PROT082,40357088.06381669,35931778.79492221,29522353.072825152,32536265.49748126,,45204040.82049432,36832395.84009268,37501257.02560164,29408863.380463623,29075352.748851277,34284226.36348559,34566394.87661911,41776737.38361806,33799514.240867585,33863668.407210276,39975995.16996682,36143218.731553,23394347.670198537,46849057.19562078,34490041.503085636,31084107.470507126,32306463.440607026,,30581052.449705634,,,22394581.43311982,33780278.768705584,28399236.540041044,32943611.366265215,22301408.89523263,52443159.95825783,27926936.649341445,29615846.942006275,25423810.27359276,38440818.41662563,19881405.135233134,32864134.368392598,23184741.252712574,44352102.89584918
PROT083,17864531.58166556,,21016640.93603889,23930015.023211118,24960177.57134095,27297537.42806545,24144502.36314874,22527497.667689666,16500626.751867292,31258433.884519964,21962925.956086125,25273757.79266978,29539052.148542028,31082830.389275182,21940721.02951166,18213154.642724216,,31627859.701384928,,21947548.9396471,20957592.6228373,30245922.372523792,26541736.28145515,19067272.58091949,22959741.96631626,27135845.9900187,17741453.034738667,26345588.498529606,21302530.401073594,,29541336.63892257,19262177.94498105,25183896.96769717,26418957.02775616,26476160.85909769,20677677.075140703,26373325.99337393,22286173.93895407,19495658.401581924,22942716.350402597
PROT084,13263322.103141524,14963363.557938809,11767615.83580399,13567573.74977535,11112036.257494785,9292996.014671339,10618181.10635829,8582127.020099854,11051071.729249625,13110214.01521165,11104080.783188699,13452979.41877252,13941023.3451567,11160218.922449661,15728776.49572476,11381269.646595277,8318288.476312603,11570691.833124764,14767991.645489763,13465582.539147973,,14880347.314988779,,13304080.412123797,12616116.19610411,14172796.959047023,10733235.030298548,20195492.66691644,14616286.297499325,13184844.055717373,10306129.829773724,11513408.208242986,16888837.664540663,15729441.12364163,11946865.37582616,13419318.117975881,11619521.44699775,11628196.369653352,10023471.495922681,10143662.373871367
PROT085,20094237.279455755,27478436.624790613,19576109.166278683,28288336.13031261,27093384.757106893,28147129.62234351,30494565.147567928,29327868.059881736,22640330.753748197,28578201.52860025,22870655.836110294,15892220.475215979,,25214362.865973577,19470261.76997574,24629607.384621613,27374004.419660978,31739585.491508756,29019874.352815013,25233547.540954996,23222078.961775217,,19416933.936489694,26873049.31203505,32986211.089198653,25098670.077521943,22752243.594649322,,21584202.801299293,22785885.718260147,23513050.231185827,28505128.486726277,34234515.94118217,27383984.655548777,23923105.010637898,25984706.34734449,25701033.86834481,44570790.802540466,17084163.0797046,37341040.547220506
PROT086,7354814.705020211,6749666.760715885,7144617.875265083,8295916.591710572,6015508.478470906,9207771.682765331,5280076.213319429,7289169.3749790825,6210673.43611872,9112698.091979664,7358319.446770232,7625220.314886475,7489878.773729324,9333117.704370985,7958161.683210247,,7514507.4830346005,,4651200.292011734,9206351.952792732,7777034.771488836,10232548.63981612,9990125.74675585,7636858.138308589,8836506.702823132,7267128.240279676,7426947.533834891,7590973.339606121,6348876.22373297,7904887.165658827,8478698.30636726,7631103.983690112,5193638.443753403,6727182.865837744,6198481.265365474,7794556.149174405,5705881.345466928,5358649.450714021,6705399.749226395,7485652.575089022
PROT087,11525828.274400864,12630358.702440718,12730095.000303723,13560352.493699364,12525189.17599755,,11977769.408178719,12195825.344442254,11630262.55752077,13517956.215473061,12079956.426780563,,15901548.438046047,16752906.875381771,,,13050881.51889771,11072334.253966548,17706191.887824383,14511352.913569571,15007091.684485,22366268.682674915,17226525.65079895,13517008.048308225,,15508993.017908506,12126319.651205756,12865240.962026116,,20538856.323878128,15478884.739103341,16756145.781814115,10011449.508606099,17497579.541039724,13708884.155043758,16365550.50936292,13023049.396580335,15734409.448165497,10767051.363231177,8910667.796451746
PROT088,23880016.7908032,,18145387.45680417,28890403.99639437,25778033.632556282,36047409.61755019,21367542.02050261,25825283.43171505,18156058.13537364,24233328.71710353,28354594.38606433,32066307.091506302,17578038.006996796,23253138.992193844,20476013.241609175,24845929.844469815,27204023.529792592,30278707.366301067,21949473.61324762,23059283.638889823,17867064.696338836,21695106.234220363,32275923.470811855,26892496.42018829,27233419.764667194,37991765.425936565,16592981.932947997,26092579.99155678,27569382.64417435,21846930.49326361,19836428.745479416,32538192.80955088,25336831.557302695,21174857.362460293,24801758.142862037,21539753.774529886,25647868.002716385,24039195.507262807,25406695.501387786,23064915.999677744
PROT089,13417602.0300744,17541893.723382078,10395561.105755731,12520705.211463498,15455259.16126422,14388551.472639278,16464958.039318252,17578691.189681668,8299100.356025823,15850045.046919364,,16285136.383941917,20024670.709862612,14572974.710714528,14481472.848679068,20640058.028257575,15159888.05704005,14382303.358155655,11069553.429716844,12742374.74328937,14317243.159666656,19038590.377000675,,17257067.75329546,13799322.426599506,21331784.631109778,15585232.47279783,11611797.863331772,15381778.460041773,18274441.335380916,13040613.790249037,14643941.012837812,17396265.072775878,15996847.277086435,,17776936.143811546,14680048.340811728,12930008.083955156,12127965.92490741,13193490.066095695
PROT090,9052303.873960054,8636777.138636405,8821737.986840874,7735902.691401603,10067331.408531746,9411385.464596745,7234657.107141567,7670823.849857708,13265264.27667879,,9650250.857143192,12080092.044503119,10463206.265825482,12443187.608060356,8835894.221300112,,6768029.019525151,8725075.900160266,8731343.271690354,9828077.03150578,9314064.257113548,7821004.826518567,11408237.913824067,8106216.872979611,10884728.935463762,8882181.888866983,15433736.532203222,,8702671.103705399,9057849.73011827,7612347.246472182,11258935.656291585,10260264.131848803,13093611.35984687,10269245.582546873,10653423.290056769,11300906.383899087,8882817.746952688,8621579.376708845,11428509.45337307
PROT091,18866450.733940132,16909375.02920027,11978483.184831992,23616165.884773303,15684569.244983826,18109096.22987061,16662738.005714964,19831616.184051663,15827714.564090494,17190460.99264131,22546576.235517558,19737728.780556526,23884958.49166037,18893951.61385512,20834327.438278884,21320617.539885394,15502742.671716522,17864056.33391152,13248978.721490392,23444477.87648164,18916392.162969675,23790633.874325227,20333595.544570785,23796366.2685563,22171651.64823214,25739582.28331664,22760168.868769575,,24438144.63488242,28007789.941373244,19110464.788727187,,22181824.468272433,21890865.470947713,15689721.156085713,22642331.07774041,21828373.06295197,,17698217.419631556,19358208.742963396
PROT092,117684265.68706463,233848178.40273133,156664624.3985559,164131415.24071738,158289271.239993,205995065.76611584,198785783.29882306,159773210.3530944,136038452.66695055,190528768.79499564,162284991.90850985,168306749.82118398,180723523.9141601,139585890.8405648,124036576.80865155,151643041.0556655,179820009.98328924,146599291.45486274,143066585.69425023,133852220.60581759,156784080.1720993,,154955913.08647007,175980684.50342697,162423878.803801,110516968.5217545,106877044.50064895,159610527.1698878,135795303.47997773,148800528.6167419,161331868.16955304,171127552.11611995,164527852.03226173,137217308.7390456,168787039.51945645,129925713.98309472,125590992.91048454,118874448.87514828,121112129.16146427,193487905.75136635
PROT093,,30189642.72055594,33957118.810655266,,39451461.34213388,34986640.84001987,43197763.05097343,43530835.80702171,27925100.080825854,41233073.93403111,30712817.22454091,37028932.15125159,30157420.482489597,49730090.97978414,36460817.07624903,40883754.71979869,39317884.67567531,,,47034250.842031114,37317277.49598319,49965518.409707464,29975400.84041699,28462336.959369212,36916441.57324978,30188299.53914642,28285114.66097176,33418418.798715595,31309651.49167242,29005528.975807063,33433449.629451733,29816070.75327438,35567640.64880181,40470245.01837588,43869038.99927352,35197546.20593388,34261471.03089877,35394130.74561494,43986912.8568123,
PROT094,30816981.255477667,31370804.221208937,29074753.39663398,,24096010.667900767,42928426.16991704,,,35894139.42114936,29314884.50789763,30237432.618019354,23666747.383912195,32090402.402517166,26365844.713495344,24054728.149612922,39823943.566062935,28233177.704266045,39195599.47647032,26973794.333715677,30448197.271223646,26831188.7748639,29962539.559168838,45380328.56842509,50346390.20096665,30517953.78680452,28788589.461952448,33793987.357604,36772420.974175684,35078909.662314214,39399582.74962112,29973824.750084832,28321442.659443107,37245242.87487203,36074426.18195805,28371991.496884674,30698283.496550683,36482011.00236316,41019526.16208383,41861660.50454127,36123269.22462011
PROT095,10971245.957591495,11709236.09518441,8987352.401568076,11596147.270904895,10014820.117899692,9708180.3551547,6938165.48616311,13998519.373510795,10343112.241558103,11498113.7198599,8217572.586573315,11474620.218097173,11089801.486357797,11276069.312330144,9691002.043497223,11187486.667846862,8217766.2380409585,14541651.327531986,8712591.991466936,14561958.224430695,12430974.246757844,,,15113970.657978185,12165544.029773334,13885445.451677438,10727469.556396332,10843336.013541756,8055100.472270521,11529701.59025265,10020726.304039722,9329492.23064367,12633806.931975711,11466076.095466724,10741398.168251397,9599482.565617934,9502778.737172611,10943013.081406754,8650882.19259805,9544908.94804524
PROT096,16476277.70346599,17403479.57300132,23320076.80156924,29124501.869143154,28891483.923524223,27859860.95698448,26988836.81054943,21831440.96237703,30519575.680561308,32656332.230252076,26107389.30126104,29684112.841235634,21040813.90959569,26616138.979725692,18783402.71631592,22101837.006838236,22724603.692430392,26375280.129300382,27137452.601331465,18564548.520097066,20353847.879517473,23910676.096804596,22692142.117333602,21240741.461451106,30022363.869658325,25335280.888278924,23505639.497605465,20842313.294347227,17700275.83276362,24378972.81774011,23273680.66544246,23400292.575816844,22844938.982750397,22509330.4445202,24712225.336123597,23907913.096402153,21589544.34644432,18267313.76514425,,24862817.741654728
PROT097,21408992.78141568,,23458924.91391389,21357600.547992844,16547229.607395673,36192983.53584819,20192046.287697934,31027690.634834472,38926683.38328624,35841649.5952579,20171943.466407068,27814955.772478927,25198199.80732192,20352598.762257744,22045382.377425734,25294198.49198688,25222128.258516364,23428469.65368486,28505816.225795906,40570615.50538016,,22068170.188054,35325638.87785343,38946779.20055537,27054032.808642115,23265876.628315642,30579636.655361906,22912547.9076521,21795135.52677213,27728727.178265996,,35552200.85685998,20538846.95329861,31736366.621170897,21981948.73412868,32665176.930899054,28435808.065868497,30602858.331318643,24846416.87868037,
PROT098,,20609742.310294356,20873115.155857153,17643814.60134063,20455874.548783895,26921025.42308868,18135791.397262875,17876780.695446197,17224070.760161765,20787554.102763087,16888675.15766891,19657957.341435723,22006470.56965464,16880804.084293153,19309491.145650823,18957340.804645747,21405851.790886182,26624223.801041115,17720631.485403035,14122022.41190093,17470002.915444713,27985936.77881814,24746047.63142684,20879967.592063773,19012100.521476064,20282179.8736085,19561276.068990182,18429722.067559656,19493284.396294,27985137.470080484,21403104.83661702,19331457.157262236,16982187.654843323,22878757.992247637,19528623.22687231,21164263.679971784,17421153.153791178,19916356.25340351,16567862.60404123,24467724.673093855
PROT099,36650826.26618001,35585763.05644986,37075098.77187819,,,26794830.595397666,27175090.81109476,32526092.334042195,22532043.44858643,29150842.72368631,27022031.0587087,31184374.492405344,32505755.829451695,44034592.06724814,32654402.456324518,36937089.097438,40326175.547326885,46043412.113938525,33989384.48413657,33159742.78414861,29613048.550704163,44910071.01364385,34954618.486744516,32761958.51588901,29397857.21598867,34077237.23097871,25046085.379449148,29508818.46400843,30025132.527351547,31913755.86592043,35173682.11761265,35766568.05159356,29181878.297648594,29402551.854292076,37430607.92068719,30997088.794637922,,34102119.84434428,30430529.9488898,
PROT100,4776907.7261202885,4325054.226831622,5804841.728212789,6361522.514297095,4835478.753259722,7290793.724312601,4967469.045340641,5258041.456936938,4417384.538240492,6199612.354085055,5841485.651733145,5141548.496180549,5889294.126840923,5281841.748303239,,6808960.230449537,6246383.526694667,4037791.855633983,3841304.296158174,5162971.159512235,4572640.497786578,6131913.507340344,5075441.558514364,8283540.100631106,4181039.417742933,6597300.336485469,4839597.012726817,4541045.231217803,7037293.2135081515,5785690.22633875,9030122.397147628,5722779.183698569,4987600.237183238,6329710.679317324,6026925.222854301,,4623393.48247249,3691646.4061654555,6961265.097653459,5378512.887329397
PROT101,10925869.898099512,,8110748.05009507,10338677.281638348,11091127.337466631,10258754.520643778,9374272.205693252,10713288.940078093,11248339.525760705,11755874.061045593,9194849.995220061,10101513.295078242,11010761.044482106,,11528104.837852908,,13144963.829445228,9461674.178990038,12227734.898611797,10734076.033154426,10361549.96192849,12377588.272279048,10200630.830609126,8447875.818670094,11149486.869926553,13333892.063551662,11051457.690686282,9092192.425161375,,16998143.228873428,12502507.642392205,13155302.027553199,9962523.237278273,11556850.56043715,14191268.252792139,13363329.205448367,9684792.892313732,7231991.178472878,18233921.42095244,9345177.469263902
PROT102,10608832.925712777,10981717.340412844,11910493.952978015,8433065.348854627,8880372.160945937,13817966.509114232,,12360716.156713536,12008216.915873468,11186670.372172028,8739927.447442912,7151743.954554566,10375627.747485226,8771162.046932075,8040970.007453599,7708041.673523618,7753368.855856031,10552104.21092007,11968288.38700408,10010306.665026281,10389964.628167639,11770088.457874777,14463803.121142901,8442665.25579976,9590161.115261978,9661266.906024804,,8802846.775472429,9197965.65379805,10493919.514547698,9502572.966776958,9942799.520638542,6213878.285589801,13362627.898838265,10366160.46423787,11599210.797042781,10626300.06750601,9748609.114087949,7348412.274551676,9285379.672590349
PROT103,8964858.933822364,11911544.188135253,7232739.950140547,13610619.143448642,8180904.0442123385,13759202.007282969,8196167.539178068,7406868.118074254,8869134.74187569,12741359.945172276,9922647.811706502,8684794.823853672,,,8424944.976975728,11161923.237807916,8258087.302744389,13793171.741119815,8467009.476312697,9138300.942634655,12910614.227094522,10850611.257197699,11618043.740840446,8325216.665259486,,8609098.889705157,8546144.235643048,11818735.992704911,8775975.055372415,11527345.69274589,8161721.268636335,13557151.99231809,8890060.818685463,,9582213.691888977,10843230.032734694,12291948.65036783,12158357.67243527,7192439.595949746,13535455.022140928
PROT104,10730281.008656733,8767758.150474165,9298833.935089186,7530380.218376832,9899721.014285555,10447611.587972127,8502881.95763566,10232122.310420375,7320075.320627035,10411777.288133202,12085420.877913281,9457313.052613446,9948643.590585768,8444439.320933213,8078508.461069208,11820363.933989586,9456397.281515537,10826215.463996358,,9903650.453643749,10784836.594346855,9966944.611171253,10591390.98154427,7706983.218452771,,9546510.363723416,7871262.027091864,11038611.597535552,7276101.595274197,15008097.285743397,8844098.141541142,10584174.927519463,9045522.017217582,7555399.93833552,8008869.501146174,12679041.74236608,10388101.9025676,13731830.291734032,9125217.74448134,8553128.65420596
PROT105,6701188.7828787435,6361397.590651913,,5178790.207081285,,10685607.8486665,5595848.277410571,7528403.46404521,7366134.936410224,6724636.708939615,5976092.649980681,6209403.468600865,8566935.968469288,6603429.961565122,7960410.589731234,9284819.07156442,8095276.087515784,4840534.343321038,8761795.621211424,,6882134.420073336,8408677.013486361,,5831540.711526994,7501491.752392919,9019728.252186738,4974177.030429566,7244896.823229437,7318013.741855238,9498151.14632694,6727400.423576367,,5447656.89367806,8027674.404165774,8313608.0959385745,5572285.207723843,6521170.006319705,9185402.466023235,5659486.260217022,7607670.702756773
PROT106,,32153814.954611447,26707987.55149332,23957534.05203238,26202599.474463698,28159530.863592114,32989680.492744185,24725267.496714693,22073345.301115576,27268664.156710487,21700090.867297698,22438315.36064417,33484904.37626032,25320424.643651508,22028262.731517516,26830855.652687583,27991065.632797644,29486277.40800118,33476176.28787987,26651604.642596897,21850807.445732743,31376329.92009806,28702556.328361906,31003437.901530944,27675248.719853166,30413424.97208258,37692162.150685646,24551376.464879222,16275369.603227766,26869829.383863393,25435860.291068275,21636319.470311895,19504242.679329608,29723302.215034764,19412952.046883225,25259019.510770705,25731722.607124552,23598052.759399265,28070032.443359535,21093166.004785787
PROT107,11700712.12910392,20293081.221380446,10293410.893680945,10980250.997823471,19552522.493133694,16054954.220925096,11486009.498071434,14913011.14032977,14196622.534695625,15026410.038414638,13293622.752765007,13407879.440786365,18125601.23915689,14696759.612707188,10727114.612896476,8801339.690467447,10390812.342150932,16329735.121295873,,11513120.53923824,12554419.663942834,18020436.69975536,16883994.240617704,10379815.699982947,13527885.509414086,15165424.417883307,10196105.668217223,14665147.393180756,,15033260.131605465,12303286.934838083,13215705.92868054,11409994.931425631,18634971.717110522,14900638.323146129,16232505.365267232,15872720.077068754,19047203.133994684,12430250.180940943,17089934.936164655
PROT108,,,4980611.729851028,7254958.1820221525,6322589.302672714,4433516.406384561,4483078.476020196,5271654.270148036,4301905.167013827,4297199.973995022,4820578.869090397,6023159.481190812,4610439.574000826,5218311.67928377,,4402189.6710925,4721477.7681747135,,5415325.082105492,,4573020.336358772,6007354.609566127,4369846.919789285,4125158.1550387004,5454218.457156567,4708287.398817906,5837689.548945215,4149463.8331908737,4835570.175990851,5999494.168886643,3915802.626151551,5200296.925306274,4891267.030320357,5250321.037761954,3592387.49301053,5103852.867925695,5161225.069779835,6995996.645867271,6176795.83476372,4222327.151725247
PROT109,19225619.81591947,28019330.84921986,31016894.45687676,43170474.78051855,38316561.741614535,30367831.798232995,19208060.722531997,27325968.756589197,26615161.87576118,36382059.428413354,29703776.279953662,33368645.63453194,35784286.256744705,33454549.865864795,28914107.99076081,27582540.9683611,30053743.63995092,32726189.78737216,29696053.718204472,28318348.61131476,25739590.318878587,29773538.07011716,37969616.20040238,35957900.78245298,42563116.281922854,37146950.07329539,28999594.51048592,33790923.073568165,34683221.2771705,62489240.53783703,38196210.78652716,34728065.79590281,36453565.600790516,41684684.55308838,31288332.699574515,33509553.926280204,37792097.47077747,39178655.36025361,27621607.712369822,27668698.458818633
PROT110,8687229.898190038,9590270.981698668,8818609.424904808,10417627.488359595,,10406331.649238627,10593549.562646363,12499376.155518685,7333841.89505235,11400614.203996314,9339064.042678857,10148967.241121335,10572203.09033522,10001055.357224122,12972077.038591502,9463707.737298317,8572439.236788815,9684580.825196555,9353710.552405607,9576440.04709929,9391579.33092308,8544117.846538294,14914465.114071388,12441324.121302603,9725632.772125218,11973465.16789692,9934062.60025086,9715816.998411747,10989094.826283451,12264357.214933977,,10477354.462415416,,10451539.486207178,9220519.160036182,8037056.78398311,8324607.248747799,9378469.64990591,10496211.259898813,10665016.315741664
PROT111,18525160.287574213,13407243.430385824,19817978.696131106,16332357.53536039,10894523.25868278,21405243.9921095,17732952.29186961,18397172.345818333,18421131.66853905,20431234.2741937,20320644.891463462,22062867.7007263,,15444205.26031886,14955791.089792434,24390465.835125677,15772323.41148796,15383838.487500068,14108287.29026534,17714742.146186102,17566013.71112426,13541986.988110973,,14222721.503350575,,17988719.833056834,,17284872.534740213,16357240.057665542,27789739.0884144,18462109.211575013,23479081.576272238,17053307.940583248,14827626.376992818,13226801.092445645,10030295.533008568,18075672.368463863,17511490.459987134,12897295.331392251,12645944.104311535
PROT112,8205594.269879132,,8454428.280222274,8486337.45550863,8790518.704170367,9094343.540910404,10211597.706727814,8564208.586237837,8912761.559287228,9543584.970665649,7780852.837480512,8210173.15029209,9043220.856987031,10127648.882642586,9547301.003051965,10457196.185452197,11218081.056039754,8254422.568401502,10988080.958789911,7531268.052238449,10365608.246510252,6841480.987483076,,8439887.528880382,10686446.76247898,6974285.779387316,7004881.163682197,8889932.145152742,5610856.136027151,9816931.486632695,8509634.715962175,8869511.259930603,7444540.259814308,5979167.170925648,9831280.188751688,8048648.273716654,7911822.459955209,8604292.120589027,8901885.13562087,8546107.071529204
PROT113,13566129.51037873,13615088.695940133,10725352.900440669,9999272.083501503,10854294.799502648,12880603.981441652,12653276.82319359,10794021.281539267,11109570.657351287,9263943.73663198,14147302.543459358,12060308.645801255,14330340.459218325,10483149.059808508,13450667.170084137,11944642.87137014,9370181.523059133,9085984.581666552,12997742.106685834,12428418.99113688,11983286.189800447,19224348.71307462,10255671.182668136,12219915.413940027,11473362.892470216,16510695.239384038,11181287.037886098,11060495.297290696,12927978.597678417,10927738.060622739,11375120.458825039,11048291.458708715,15385840.471984817,16979992.709239468,8777728.021203125,11572663.895108338,12917977.736433962,12708271.944042819,10054500.384132853,
PROT114,20651456.549120665,17067658.64026223,9919866.179374391,19108420.534326997,21144374.225724176,22515634.83637423,12506239.9676327,20357478.615818102,13849744.00229614,,18023946.053946167,18977753.055385478,16875599.037043937,11611447.166564366,13875442.625386467,19289397.003660023,13124120.956049664,13284797.597364413,17637830.533638235,17211867.668440346,20198524.237810884,19050402.045610283,16296012.965602612,15976686.91881207,15637021.448960783,15525473.694576176,16323658.046903059,11843182.25076315,,13845577.769683292,13804951.891386544,13411578.617359355,16359367.396305522,15473643.985350583,15364994.119683186,16048428.780636575,12071490.520396817,16826517.478692986,12963226.127222534,16797482.25761748
PROT115,14428811.492056707,,21024675.13851645,26437811.761141658,15490679.64530493,20295385.079419237,19319340.93440671,18504730.124095347,18790916.647087127,28654414.636392318,25059208.165103607,21264013.8839761,18293960.980890587,18706335.371202085,16610400.896490524,16284941.493544824,23325929.646899514,22205961.018348318,13868956.06949839,15146441.433067078,16899706.364532646,20352991.26655702,21877520.019128293,15956863.974124344,21402956.744464155,,15665164.75206349,18786236.288639076,15869806.514201513,21639720.00950682,16959052.389729112,29637558.158682507,16758630.848662574,,15985437.71143721,17841441.02372064,11604896.813525474,17760878.712195884,18569478.99674623,20690051.29444132
PROT116,17098725.99731349,21429166.649046015,18473538.922493845,29325428.68463308,26158813.88131092,26930562.561459146,26912994.914128557,24004594.064866044,19529984.125607267,,16757079.924409572,18164278.300982747,22475908.78662835,,20400444.682099625,21581181.947619595,21263207.681681156,26439146.959859233,,17598394.85654771,20503617.489983927,24526889.392422587,23991636.903102767,21769369.54242216,19203059.781426426,17222393.391587865,21040696.73612574,23369405.092829272,18626224.989846405,,20477724.76304705,22193755.546953898,23885247.60954482,23435384.417254824,18812782.78656171,24266145.61793587,14379313.727131963,19421815.981433593,,22936291.771328162
PROT117,16941134.878033742,17685571.452196565,13759149.585342372,,16720200.257671325,21730514.456078164,17315685.46152252,15951224.441484239,22365715.946652487,18315275.50485531,16619258.43204699,23852989.8030023,15316521.215633607,24502691.65331102,14699854.308310134,15167390.839129882,13337734.644640611,,15064650.38480338,14201744.343488896,14411975.405772539,19250928.628245324,18814595.947663818,13848421.46152938,14696077.641538814,15632420.181542724,17940279.700360496,15169089.17714991,19274767.275940575,26463542.110645354,14260917.010504352,13276849.439798063,19868901.986251444,16216992.486625351,16670979.551290264,18268817.836288773,14487242.440656187,17288053.535273183,,17417418.693309516
PROT118,101583788.95149122,,93466371.97435871,125732578.62604678,80984588.00252849,73999801.74674414,91240806.87125707,90425722.2200595,97699878.83404875,,,94653525.48041901,95778574.29484436,94530065.1010533,68692626.40203603,97988027.61124383,97099551.0791003,130266096.33520299,105921227.31641948,88862437.9680462,100031594.37887815,135193640.3515061,119391783.15013324,101633754.19159937,85347105.41173,112953665.65651399,85581553.16219066,115041857.2306355,77574312.24026063,132183228.87805098,96404994.26144987,83527374.53130706,89900907.02664885,92610011.66251896,88077183.18333526,118803785.82561564,107173986.04218239,86307162.69016849,95450125.65685183,83290554.9332014
PROT119,17150082.351296205,17551467.97640579,17005442.334934447,17344750.29506721,,24614531.10611326,16885067.15612133,19702348.85681994,13973290.512501812,15338948.888659805,15751161.042605946,19802279.86917537,22492205.91724781,20762377.964026067,9174832.080876125,23724531.705333196,16963642.897936698,16519964.377698269,19183488.377991483,16810991.104065735,16274945.165616889,16548430.88983966,21800617.41454126,18290179.0505877,18699893.518553976,20027052.7155405,23076434.77273107,24196080.958962157,20781084.262472652,17367414.816280328,16556693.964602048,17428627.970580652,17382853.70068991,14644051.273752762,23714310.59789699,15660807.966994014,17433191.970826082,21094638.680633344,14175225.195232952,25048686.63231374
PROT120,47753385.59899595,53007472.86596739,30000184.80724062,,45342663.33058499,47912375.48985767,41132267.84276427,56557989.40852998,56950325.38250359,64213076.54406111,42653328.1115699,69103808.6832759,,48123484.40549482,53550964.64329035,54766359.69552984,56967500.091948085,50571342.26963979,49978730.81548737,48691733.0373015,59805924.944492266,40285920.36611576,50749675.721579805,52893479.27159596,53294923.95881374,47783341.948011875,43227715.34024889,49581365.78298099,49968535.34445353,69528256.14134604,65845939.203300945,62008632.214439146,42409927.5129006,62298060.37589259,61523117.11440254,50555909.44273543,46721228.28793478,66378889.69409038,39886561.2309566,38066050.099902734
