gene,baseMean,log2FoldChange,lfcSE,stat,pvalue,padj
GENE001,544.7649469550804,-0.9574548580557584,0.2088782265127793,-4.583794462641997,4.566130924134637e-06,0.0011415327310336592
GENE002,237.3464930043985,-0.16136911656264574,0.2179560379028796,-0.7403746100144801,0.4590727205098386,0.9270104573905188
GENE003,83.69032668938753,-0.06599463980305763,0.23494337125554743,-0.28089594292607384,0.7787902125047258,0.9270104573905188
GENE004,174.2731751496072,-0.08330151751386795,0.20857705676717503,-0.39938006032395795,0.6896131839119279,0.9270104573905188
GENE005,238.02630780918494,-0.40917227773665277,0.2521529635564357,-1.6227145299645616,0.10465044385957194,0.744381693133337
GENE006,915.9496907952564,0.21690038810343157,0.1491484128272459,1.4542587748128488,0.14587457535596232,0.798033511987651
GENE007,291.2115822062914,0.339255429178968,0.21921446725292637,1.547595984107838,0.12171959890206385,0.7500390669969064
GENE008,152.30071319415737,-0.41529297490617606,0.1791140723569407,-2.3185949012346456,0.0204170118402798,0.5104252960069949
GENE009,83.46239923935822,-0.19728446434763583,0.19282771915645833,-1.0231125753635106,0.30625462181332286,0.8632878212182871
GENE010,87.29049486816042,-0.5300964353592795,0.24754581624877564,-2.141407370127191,0.03224120111598022,0.620023098384235
GENE011,55.82994841044772,-0.06694315009217684,0.21064112275991226,-0.31780665244781436,0.7506316042071407,0.9270104573905188
GENE012,43.7478752708417,-0.02020989159167305,0.20164179623290912,-0.10022669887511486,0.9201643500955278,0.9763182426328619
GENE013,99.02766834998627,-0.014954898642715014,0.20877545063710715,-0.07163149976243889,0.9428951712720252,0.9781070241411051
GENE014,120.28156051791845,0.06156614371731982,0.20760709386307433,0.2965512525209052,0.7668091322589401,0.9270104573905188
GENE015,660.5269964964431,-0.16714146642783173,0.1508332160087572,-1.1081210813547042,0.2678095276203877,0.8632878212182871
GENE016,157.78636249470634,0.22829183167374573,0.19323535695002972,1.181418531665411,0.2374364997594849,0.8477201175704254
GENE017,385.0011702167944,0.26933879004864353,0.162434640323004,1.6581364018971498,0.09728993794329856,0.7153671907595481
GENE018,698.1516386417866,-0.11631735668095812,0.23279826682355384,-0.4996487227678512,0.6173224442368732,0.9270104573905188
GENE019,7.093703920897528,0.5083307642892688,0.31937701199378793,1.5916322878590778,0.11146735082623778,0.744381693133337
GENE020,127.44336360549387,-0.192872381528999,0.183534874156896,-1.0508759297926167,0.29331557671150976,0.8632878212182871
GENE021,406.0821895140392,0.3412715406814029,0.19274068586048992,1.7706253309092352,0.0766230267541508,0.679628715056769
GENE022,166.94559862742497,-0.12916154178144096,0.20859991363476876,-0.6191831028635322,0.5357957419672082,0.9270104573905188
GENE023,200.42166176678106,-0.07343275982667252,0.1725261616257693,-0.42563260629397937,0.6703755770569791,0.9270104573905188
GENE024,1136.7627211567574,-0.21674540459241837,0.16889980255531117,-1.2832780223140803,0.19939468961914564,0.8477201175704254
GENE025,145.34142448833896,0.2698948003698644,0.21484139855226117,1.256251365838187,0.20902484873076066,0.8477201175704254
GENE026,56.890823583311644,0.22229216007933375,0.2181369618258316,1.0190485748894762,0.30817990628274106,0.8632878212182871
GENE027,158.55027659813317,0.11263285135609925,0.22703465352798252,0.496104227288003,0.6198208768799633,0.9270104573905188
GENE028,764.9027779943319,0.14687868816008184,0.2055843757825565,0.7144447996156733,0.47495217818785984,0.9270104573905188
GENE029,55.448729448975755,-0.06868489107190741,0.21409486421184726,-0.3208152205087161,0.7483504243053876,0.9270104573905188
GENE030,287.3690174212603,0.013944730987514118,0.2658404057353402,0.05245527273757218,0.9581659334227791,0.9831480174527872
GENE031,296.0755204751389,-0.06224925627330512,0.1822400047746079,-0.34157843855576164,0.7326681657807912,0.9270104573905188
GENE032,717.9866284882644,-0.17326746690414901,0.20798473540092005,-0.8330778053021604,0.4048008500392125,0.9270104573905188
GENE033,762.6174170650653,-0.019327263035263016,0.16524666683663508,-0.11696007795649027,0.9068916894632187,0.9763182426328619
GENE034,159.3310036584945,0.570121501555454,0.2247848081719571,2.536299077290488,0.011203101014766912,0.41147600868697276
GENE035,20.569797099956176,-0.02029373077683618,0.2410881500247903,-0.08417556306583066,0.932916847068301,0.976985898906063
GENE036,624.3651992682427,-0.4018696949676217,0.2289135652450303,-1.755552120895318,0.07916491364737248,0.679628715056769
GENE037,44.9874093646464,-0.03126846394097537,0.2221923111084819,-0.14072702959423755,0.8880855910579744,0.9763182426328619
GENE038,206.13051085472858,-0.21713454870803406,0.1967016441699297,-1.103877649952191,0.269646215256254,0.8632878212182871
GENE039,704.422013001614,-0.07580218623492684,0.20557413360020774,-0.3687340664285316,0.7123259539356033,0.9270104573905188
GENE040,2860.394520182242,-0.22857992561519228,0.1907836304970002,-1.1981107866525602,0.23087389009863968,0.8477201175704254
GENE041,37.26191873831713,-0.07048817853423384,0.24634371345218828,-0.2861375171561444,0.7747727977283233,0.9270104573905188
GENE042,188.87821628482237,-0.05102424875237204,0.18381990129699563,-0.2775773917424358,0.7813367891452058,0.9270104573905188
GENE043,308.21724308711634,0.05657943499653422,0.17328569990379777,0.3265095448034383,0.7440388689520716,0.9270104573905188
GENE044,205.33489176237043,-0.07827814904422399,0.25219814756165176,-0.31038352105694317,0.7562693240728545,0.9270104573905188
GENE045,1092.9149747806869,-0.06600949310846936,0.19041752460229877,-0.3466566076118,0.7288493130706899,0.9270104573905188
GENE046,930.810440118925,0.06568161360447569,0.2104924147075792,0.3120379121296227,0.7550117110493153,0.9270104573905188
GENE047,60.03239030298863,-0.2501389878207188,0.23313336007027602,-1.0729437766663537,0.283296342911897,0.8632878212182871
GENE048,272.6275447198947,-0.04204258412549467,0.2003662000333299,-0.20982872419849805,0.8338013534192709,0.9561942126367785
GENE049,337.3719879468997,0.6299365743130921,0.23710748458980452,2.656755333568998,0.007889667942797208,0.3944833971398604
GENE050,175.46218446604857,-0.15765218714911758,0.2669812940985305,-0.590498999869764,0.5548561560765466,0.9270104573905188
GENE051,729.4805311165097,-0.10862842749334192,0.1956354789163854,-0.5552593430140026,0.5787172837423857,0.9270104573905188
GENE052,75.89193021336668,0.2657830070131763,0.33977512292260315,0.7822320972972426,0.4340781843913252,0.9270104573905188
GENE053,17.356901022740168,-0.04475469542682179,0.24299522482860114,-0.1841793206364031,0.8538727817019831,0.9703099792067991
GENE054,90.56017600384821,0.033682020147551915,0.21833400291747468,0.15426832145922298,0.8773981740904204,0.9747561882570932
GENE055,728.3042223912399,0.5135046966701377,0.18940392139737985,2.7111619066892314,0.006704787851156493,0.3944833971398604
GENE056,200.87132304330592,-0.4503863850919171,0.18729687515804622,-2.404665773050772,0.01618726269330584,0.5027537831241132
GENE057,547.5023305922911,-0.19090251350275966,0.2392724977274995,-0.7978456166749802,0.4249600857715121,0.9270104573905188
GENE058,270.5461333376037,-0.603409241278879,0.16457028244149452,-3.6665747444007315,0.00024582108994483263,0.020485090828736053
GENE059,22.571083915377848,-0.18972822535325828,0.2650037371320145,-0.7159454708321457,0.47402501987993684,0.9270104573905188
GENE060,260.0264667365071,-0.04382320706031116,0.22642835456056776,-0.19354116292263568,0.8465351720661842,0.9663643516737264
GENE061,254.25965689339637,0.37531563583680805,0.15879092025862765,2.3635837315226835,0.018099136192468075,0.5027537831241132
GENE062,84.51825382423017,0.08135185918938805,0.18801682858085927,0.4326839241116204,0.6652444102926944,0.9270104573905188
GENE063,190.46178230618312,-0.05460934656795292,0.19577274304888523,-0.27894254183442047,0.7802889200685416,0.9270104573905188
GENE064,276.02014980223686,-0.37087261642894814,0.19402508742133137,-1.911467333209272,0.0559445509144033,0.679628715056769
GENE065,158.0706475434859,0.10231259562524032,0.19526962697544203,0.5239555030138282,0.6003094892679517,0.9270104573905188
GENE066,106.25397544922453,-0.14546724685848858,0.20512834952959838,-0.7091523292225331,0.4782299524168191,0.9270104573905188
GENE067,129.04211651819932,0.22828810759998922,0.22684271743797538,1.0063717723819328,0.3142367669234565,0.8632878212182871
GENE068,160.19071585250225,0.05338009610494877,0.21581664259356173,0.24734003579824576,0.8046450770149703,0.9270104573905188
GENE069,116.11232279316926,0.216994289045788,0.22043568239600653,0.9843882201247429,0.3249246677958597,0.873593280425053
GENE070,716.162329528034,0.21908199522560695,0.18260103675802086,1.1997850566200776,0.2302228292235109,0.8477201175704254
GENE071,154.50528586910926,-0.23496647934600923,0.20922364971639273,-1.1230397694740124,0.2614206044558971,0.8632878212182871
GENE072,611.0590776416122,0.27388898039894405,0.21226620263031473,1.2903089469968627,0.19694341168797347,0.8477201175704254
GENE073,24.403926779795917,0.5129457400919368,0.2340578076348448,2.1915344131232186,0.028413142253602603,0.5919404636167208
GENE074,1429.8013847995178,-0.08420660923873848,0.19420320336279015,-0.43360051626662655,0.66457855981278,0.9270104573905188
GENE075,72.63617448106632,0.22202508523566306,0.2255705214782905,0.9842823600380396,0.32497670031811976,0.873593280425053
GENE076,409.0465148463435,-0.14158280299071518,0.18213735079106158,-0.7773408495061047,0.43695770040021276,0.9270104573905188
GENE077,611.0256740131166,-0.1058863018499724,0.2160957945376977,-0.48999705004208505,0.6241359862994953,0.9270104573905188
GENE078,90.9726631758953,0.10551242084622539,0.17817145665618594,0.5921959826024811,0.5537193593109113,0.9270104573905188
GENE079,408.8277290908347,0.15992159943587925,0.19187751479258788,0.8334566955838899,0.4045872109356915,0.9270104573905188
GENE080,77.23309349249809,0.10859731773650876,0.20427180085683444,0.5316314698406173,0.5949812643295208,0.9270104573905188
GENE081,53.898272807382774,0.05516405908544901,0.21033438076615696,0.2622683884798589,0.7931145315593185,0.9270104573905188
GENE082,241.56998455675588,-0.377511201331847,0.20963127193869413,-1.800834378576154,0.07172898848568912,0.679628715056769
GENE083,210.25598981567268,-0.22220931342923017,0.1836356277447684,-1.2100555657863656,0.22625757188399032,0.8477201175704254
GENE084,1873.4906020124295,0.0012390430104976039,0.20868469733598527,0.005937392757182993,0.9952626738215072,0.9979918240902032
GENE085,391.6256055489186,0.11131127212676502,0.20347579003273916,0.5470492195108572,0.5843449179239859,0.9270104573905188
GENE086,1363.9864768073196,-0.07008860411424374,0.21549879713326173,-0.325238957463423,0.7450002262312838,0.9270104573905188
GENE087,122.4800910171158,-0.2492478457599008,0.26335208147280287,-0.946443424202217,0.34392246579084573,0.8947202440448506
GENE088,949.8048715224566,-0.09337483134136432,0.22932402936923785,-0.40717421370187157,0.6838800392380653,0.9270104573905188
GENE089,183.10300842665197,0.20216067641725066,0.21347213892971176,0.9470119961828577,0.34363266612189936,0.8947202440448506
GENE090,49.34411362455697,0.10329577701220255,0.2030698210901318,0.5086712366105601,0.610982687064595,0.9270104573905188
GENE091,138.8667848113115,-0.08022990944968397,0.21167079098566233,-0.379031556862838,0.7046644301875553,0.9270104573905188
GENE092,294.15283818723447,-0.023491799027824334,0.2004798806012442,-0.11717783828168611,0.9067191284097164,0.9763182426328619
GENE093,131.55315508357452,0.08068725706660106,0.2129852202778118,0.3788397005264258,0.7048069041673056,0.9270104573905188
GENE094,382.6298180339385,0.11635578189928564,0.21766350403392437,0.5345672551570739,0.5929491314681141,0.9270104573905188
GENE095,233.33929360369135,-0.15598662439453576,0.1992855160929027,-0.7827293596280128,0.43378605748647425,0.9270104573905188
GENE096,53.67290357768411,0.26874871713700416,0.2290912051388643,1.1731079635907513,0.2407525133900008,0.8477201175704254
GENE097,502.04036326320454,0.07754524338518255,0.2367323722114229,0.327565016397199,0.7432405766140104,0.9270104573905188
GENE098,4776.964351489176,0.17230436383150144,0.20860913369330086,0.8259674961539554,0.40882253033747273,0.9270104573905188
GENE099,157.40554564545556,0.17712531099119666,0.16513265127263804,1.072624399996815,0.2834396725281223,0.8632878212182871
GENE100,1138.2278369220217,-0.09830563397025434,0.17477158779955435,-0.5624806366295713,0.5737885927775266,0.9270104573905188
GENE101,160.3929726957878,-0.26687362752368476,0.20957674807958687,-1.273393303260624,0.20287851253670097,0.8477201175704254
GENE102,501.1533496721719,-0.08566182781053734,0.1819927052703137,-0.4706882491982514,0.6378633770380839,0.9270104573905188
GENE103,432.2307608839277,-0.13774978529454807,0.17351514662555403,-0.7938775834470079,0.42726670087559393,0.9270104573905188
GENE104,49.90688251160862,-0.16294891691802713,0.22180203342902777,-0.7346592562694766,0.46254703991864976,0.9270104573905188
GENE105,123.45762623547446,-0.17485105234079143,0.2297041668103669,-0.761201047280698,0.44653699282467263,0.9270104573905188
GENE106,136.93660072326242,-0.23076286153631867,0.19241301566364885,-1.1993100401259131,0.2304074125543295,0.8477201175704254
GENE107,85.47470699622062,0.01819807588742344,0.20976945546166642,0.08675274408932708,0.9308680506926535,0.976985898906063
GENE108,493.2069804430604,0.16281473226087873,0.1851613550693,0.8793127064766961,0.3792317482486498,0.9204654083705092
GENE109,332.104768214385,-0.08921449670874701,0.1843823012356756,-0.48385607572341743,0.6284880150820367,0.9270104573905188
GENE110,126.91514857897536,0.2744251656899547,0.206424868052612,1.3294191164022506,0.18370973443722327,0.8477201175704254
GENE111,117.73407456500374,0.2400828266865585,0.20182710471367848,1.1895469987896392,0.23422448808674934,0.8477201175704254
GENE112,1483.813574225166,-0.15783971221912155,0.2388138827704535,-0.6609318955332095,0.5086559902078505,0.9270104573905188
GENE113,934.9474370128944,0.2520371656366184,0.23014311478788005,1.095132330458453,0.2734586664628784,0.8632878212182871
GENE114,64.74736162363732,0.3898036827691066,0.2348687081215618,1.659666312667563,0.09698159992157636,0.7153671907595481
GENE115,227.10432359363145,-0.12986648716331387,0.192158491723404,-0.6758300713051275,0.4991485398902805,0.9270104573905188
GENE116,1545.7977109438168,0.11456922014089613,0.21697271132992854,0.5280351590697608,0.5974749333379983,0.9270104573905188
GENE117,300.055880419557,0.07713972478380998,0.17643018344529118,0.43722521440176393,0.6619480253749923,0.9270104573905188
GENE118,979.4176444082914,-0.000685163792350712,0.21908545185375738,-0.0031273815150814686,0.9975047146409063,0.9979918240902032
GENE119,178.99578590608425,-0.21251075283914111,0.22134841981088976,-0.960073503215884,0.33701822290220085,0.8947202440448506
GENE120,32.625979566409235,0.06749221615000235,0.2319272626442769,0.2910059618714161,0.7710467598302645,0.9270104573905188
GENE121,198.54101307920854,0.24274155915607012,0.19375039699916563,1.2528570930211589,0.2102577193799633,0.8477201175704254
GENE122,226.55503151278694,0.30513005797060433,0.20820534187180187,1.465524636531573,0.14277783580602152,0.798033511987651
GENE123,248.5920929424094,-0.0017864813365897324,0.1745055200864626,-0.010237391549015646,0.9918318860158184,0.9979918240902032
GENE124,237.24419372097668,0.20287255052906458,0.1979813435602808,1.0247053933508363,0.30550221745202144,0.8632878212182871
GENE125,793.038391284187,0.07584418767438626,0.17336386573894735,0.437485558776089,0.6617592469355663,0.9270104573905188
GENE126,70.63179183616697,0.17366483230327592,0.22331859099124016,0.7776550601203106,0.43677239215705055,0.9270104573905188
GENE127,45.05445323227087,0.1312376201010051,0.2166122833514333,0.6058641646285786,0.5446049573662568,0.9270104573905188
GENE128,465.0002143303324,-0.08714248904474578,0.18886940870491983,-0.46139017240686586,0.6445187010431896,0.9270104573905188
GENE129,420.6623773181183,-0.13487225259887775,0.19731740155908778,-0.6835294380181137,0.49427235507299205,0.9270104573905188
GENE130,156.86291078205286,0.027718348180497097,0.2145637070944752,0.12918470022655018,0.8972115022122339,0.9763182426328619
GENE131,110.10891993848247,-0.17250391941682672,0.2200138895734381,-0.784059223493919,0.43300536043965854,0.9270104573905188
GENE132,76.50809672934692,0.39429691568351244,0.20844923257792672,1.891572882313723,0.05854791182087426,0.679628715056769
GENE133,1241.9596650698747,-0.3327055844538389,0.21572368866714964,-1.5422765413917345,0.12300640698749264,0.7500390669969064
GENE134,309.71886019610463,0.6650615594476422,0.1756412828204748,3.7864763270227884,0.00015279864550225478,0.019099830687781847
GENE135,1185.4977623821576,0.1878599075482589,0.1768323747099271,1.0623615039747172,0.28807160296281575,0.8632878212182871
GENE136,264.91175267050215,-0.3101392893717081,0.253405741565459,-1.2238842239949557,0.22099590571848804,0.8477201175704254
GENE137,211.83791539096774,0.028096763408342194,0.18797086006022395,0.1494740376212583,0.8811795941844123,0.9747561882570932
GENE138,110.43751310242081,0.1204009684673446,0.1983920522290905,0.606884031464694,0.5439278761765127,0.9270104573905188
GENE139,1486.2064708391995,-0.11704354932894394,0.2077257627468698,-0.5634522544590231,0.5731269633919485,0.9270104573905188
GENE140,614.1502439945425,-0.3996750242645023,0.20409366292486816,-1.9582921808387181,0.05019573778637574,0.679628715056769
GENE141,73.53655929264092,-0.5007041754472313,0.1981828400184369,-2.526475932026461,0.011521328243235237,0.41147600868697276
GENE142,478.3803391535304,0.054935643855180294,0.21248383183073855,0.25854034813783483,0.7959899137696435,0.9270104573905188
GENE143,60.34010880030437,0.02181742263178125,0.22180621976256337,0.0983625376021291,0.9216444210454217,0.9763182426328619
GENE144,136.93808346201794,-0.16917096982644653,0.18443826998034188,-0.9172227100399359,0.35902594874067584,0.8991596018713727
GENE145,642.6452270465682,0.1057504293445675,0.1752113355086504,0.6035592904852122,0.5461366852647679,0.9270104573905188
GENE146,43.33411519858062,-0.012262841332030282,0.2037976838989201,-0.060171642274955514,0.9520189309647858,0.9831480174527872
GENE147,1639.2649314694906,0.11970245482211057,0.22192899763926235,0.539372754779358,0.58962967655665,0.9270104573905188
GENE148,548.9720444501247,0.06184624579017874,0.24013494999021034,0.2575478737797228,0.7967558633947566,0.9270104573905188
GENE149,109.22575290876478,0.01638897720157315,0.1978982880054381,0.08281515402054813,0.9339985193541963,0.976985898906063
GENE150,1204.2302635329324,0.30120927724267477,0.18920494851839462,1.591973569409,0.11139064342733508,0.744381693133337
GENE151,301.48368775842994,0.16498286158166497,0.18698755218817098,0.8823200242529404,0.37760377081613916,0.9204654083705092
GENE152,63.915524204233975,0.08153795163964747,0.21124393703089422,0.38598954737206315,0.699504410077666,0.9270104573905188
GENE153,1396.7339029648479,0.21154628522310925,0.23154363412538193,0.9136346417909118,0.3609088573155683,0.8991596018713727
GENE154,64.94406101288872,0.2841312068534973,0.19158050519818348,1.4830903935636526,0.13805039597345609,0.798033511987651
GENE155,244.88816938921246,0.08194509816501788,0.18090942520511447,0.45296201716471557,0.6505760923561508,0.9270104573905188
GENE156,504.0166857971741,0.2330821623350057,0.21468034939020778,1.0857172675425006,0.277604098727643,0.8632878212182871
GENE157,118.77491768713159,0.0834558008493887,0.19456912609287352,0.4289262254770718,0.6679769141882405,0.9270104573905188
GENE158,103.33778494974986,-0.23778521396743982,0.18542102031787464,-1.282406997652128,0.1996999107417381,0.8477201175704254
GENE159,448.2692586028523,-0.3668542334482521,0.19922369079581703,-1.841418718741831,0.06556022177101532,0.679628715056769
GENE160,161.98278136097628,-0.24190153024167857,0.20846389961568373,-1.1604001013491505,0.24588594552897525,0.8537706441978308
GENE161,569.3949378980035,0.24829947120046117,0.18765074551462485,1.3232000252357623,0.18576886762828537,0.8477201175704254
GENE162,62.73149248248475,-0.1443246119912855,0.2626067460917927,-0.5495845561440286,0.5826043539604489,0.9270104573905188
GENE163,622.9118745355823,-0.0614353494637566,0.21531961351621984,-0.28532165955763583,0.7753977202965083,0.9270104573905188
GENE164,605.3415766008482,0.000534667634630799,0.21243288416796216,0.0025168779152292577,0.9979918240902032,0.9979918240902032
GENE165,401.8983760318544,-0.13184392279366058,0.21238821197805915,-0.6207685519160582,0.5347519175936969,0.9270104573905188
GENE166,173.6602838897757,0.02445795582899746,0.23474223442444325,0.10419069192625315,0.9170180205360049,0.9763182426328619
GENE167,86.977702230438,0.06366832676125088,0.2538687161767683,0.25079232967373083,0.8019746721348283,0.9270104573905188
GENE168,84.9252791983717,-0.025435132744074492,0.1635470917054215,-0.15552176733223638,0.8764099948664705,0.9747561882570932
GENE169,78.7209013769709,-0.02936596451698554,0.23846874704420654,-0.12314387055315795,0.9019931719511824,0.9763182426328619
GENE170,379.16781849866084,-0.3812936647241796,0.22443650477113788,-1.6988932576409168,0.08933929763073897,0.7153671907595481
GENE171,268.48855168206205,0.25830218330568583,0.24855621683972565,1.0392103106085033,0.2987069362827879,0.8632878212182871
GENE172,117.64075060763835,0.12991657041423801,0.24508121426351687,0.5300959961563956,0.596045374945393,0.9270104573905188
GENE173,433.1996288669044,-0.09058038854971978,0.1929165260946112,-0.4695315138802408,0.6386897646182261,0.9270104573905188
GENE174,166.96601235767668,-0.10975993754281581,0.18781485077329452,-0.5844049982783504,0.5589478647446761,0.9270104573905188
GENE175,451.75491548421786,0.11503200692329402,0.20106301142115351,0.5721191884585077,0.5672412302633629,0.9270104573905188
GENE176,74.6271593937884,0.20608504969002264,0.21920935867428076,0.940128883804823,0.347151454689402,0.8947202440448506
GENE177,272.1162385406054,0.004572493331234079,0.20066999970073532,0.022786133144232636,0.9818208693020316,0.9979918240902032
GENE178,198.1550770824337,0.38701872857544295,0.2222034444807985,1.7417314546124725,0.08155544580681227,0.679628715056769
GENE179,12.510766366222288,-0.24621808275317436,0.2925747794233738,-0.8415560741033032,0.40003648534087566,0.9270104573905188
GENE180,385.8016620646041,0.285813392773871,0.19700526352095069,1.450790642167162,0.1468381662057278,0.798033511987651
GENE181,250.67463235468682,0.34002419770361486,0.3357352584100665,1.0127747657897457,0.3111677564497305,0.8632878212182871
GENE182,377.866295417126,0.009297718433131857,0.18333199084043036,0.050715199188691856,0.9595524650339204,0.9831480174527872
GENE183,274.5918110065728,-0.03184789150277289,0.2088202962073343,-0.15251339108891807,0.8787820294264568,0.9747561882570932
GENE184,109.31820978970227,0.0625464741343707,0.17671877543896375,0.3539322518448154,0.7233896559895661,0.9270104573905188
GENE185,25.648095840359144,-0.5175299012444298,0.2518818619047302,-2.054653309813059,0.03991250265136777,0.6652083775227962
GENE186,139.85799662368078,0.4783522542478462,0.26552089332003864,1.8015616333110063,0.07161440217129712,0.679628715056769
GENE187,58.68587455013041,0.061086971997747715,0.22907456855477035,0.2666685018033426,0.789724407847924,0.9270104573905188
GENE188,170.36968064382276,-0.06384825317635089,0.2126602524005503,-0.30023595126789976,0.7639971841162767,0.9270104573905188
GENE189,52.02881311212237,0.3038110863859388,0.2062755228408538,1.4728411893074482,0.14079386300351013,0.798033511987651
GENE190,116.65894046012197,0.2088744628868358,0.2297419608535746,0.9091698447718978,0.36326047915603454,0.8991596018713727
GENE191,188.8304708362396,-0.27452150454448193,0.16426627793926352,-1.6711981788860195,0.09468253985822747,0.7153671907595481
GENE192,112.42137807027557,-0.024374938074379345,0.22121364314467729,-0.11018731814130353,0.912260819686491,0.9763182426328619
GENE193,98.49700615469452,0.15304648648370212,0.22206797671218906,0.6891875575651227,0.4907052457670107,0.9270104573905188
GENE194,1222.9707866697818,-0.13899911060584616,0.20588635382073334,-0.6751254176217704,0.4995960861908455,0.9270104573905188
GENE195,368.12385100308666,0.21740478796005683,0.1605943450506264,1.3537512039513053,0.17581576613966965,0.8477201175704254
GENE196,27.25890241937385,0.10854153905506256,0.2334257421490549,0.46499386938117965,0.6419358468753885,0.9270104573905188
GENE197,98.78628049536442,-0.06458816873021901,0.24324463024703014,-0.2655276240409734,0.7906030324385086,0.9270104573905188
GENE198,287.77110491286544,-0.07781189915988117,0.21809210622320566,-0.3567845737628158,0.7212530856015151,0.9270104573905188
GENE199,71.81699426276188,-0.340564824441572,0.21674707903618726,-1.5712545052785352,0.11612354412880056,0.744381693133337
GENE200,351.96787552528343,-0.18191718723791792,0.215521070930003,-0.8440807502158387,0.3986242837272582,0.9270104573905188
GENE201,232.53166035287495,0.26822561839491565,0.19060430740383397,1.407237968796923,0.159356836333299,0.8315903852035705
GENE202,279.9225560420597,0.11076822584203526,0.20971782379679516,0.5281774521433308,0.5973761776165516,0.9270104573905188
GENE203,856.2989322915382,-0.09165209921493618,0.17339100428384824,-0.5285862412152472,0.5970925068591237,0.9270104573905188
GENE204,28.39187101709815,-0.4783537848787107,0.2377152377739753,-2.0122975260573734,0.04418858307453573,0.679628715056769
GENE205,607.2346843852771,0.2573313001904881,0.23108934088428829,1.1135576362188846,0.2654690091855215,0.8632878212182871
GENE206,384.8210586681495,-0.19031430248530296,0.23403905321861992,-0.8131732711614035,0.4161187218245658,0.9270104573905188
GENE207,14.283526273722947,-0.4047713520017633,0.2997175729290972,-1.3505092412366433,0.17685269140984372,0.8477201175704254
GENE208,73.20585460733645,-0.35579507203316774,0.19155335642059942,-1.8574201918547326,0.06325139594377689,0.679628715056769
GENE209,104.37756760012462,0.0023015738950601904,0.25015545356370655,0.00920057453184427,0.9926591071991336,0.9979918240902032
GENE210,226.65669343151094,0.11061089202852738,0.19043900712630604,0.5808205666351024,0.5613613922937428,0.9270104573905188
GENE211,499.7586587500238,0.34447257075159565,0.2191197792413059,1.5720742871516167,0.11593332390039626,0.744381693133337
GENE212,633.137905262708,-0.09531785703465473,0.23778841524444236,-0.4008515593018677,0.6885294159367723,0.9270104573905188
GENE213,295.97035762679013,0.025611033395462814,0.23683162754964404,0.10814025837868423,0.9138844338183546,0.9763182426328619
GENE214,188.93906233378615,0.03238039008498914,0.2075395428354962,0.15602034023296987,0.8760169883686809,0.9747561882570932
GENE215,405.44139680651483,0.20531198245042942,0.16643110856173104,1.2336154233706678,0.2173462430318942,0.8477201175704254
GENE216,351.66911779492705,0.06225402607498356,0.19825905725460824,0.3140034404331687,0.7535184257431091,0.9270104573905188
GENE217,244.20150337927333,0.17091062840571625,0.2359893609082318,0.7242302269388218,0.4689244043333973,0.9270104573905188
GENE218,611.7413811611066,0.07562990866847992,0.2102522281504835,0.3597103789756247,0.7190637295974369,0.9270104573905188
GENE219,500.23838581157025,0.1503196409136131,0.2039110362224217,0.737182467895694,0.46101139365197963,0.9270104573905188
GENE220,204.1459355929954,0.3048320761358477,0.2257665339743549,1.350209310342134,0.17694885258197246,0.8477201175704254
GENE221,425.6768579227173,-0.06965958164491332,0.2424946962471794,-0.2872622895385225,0.77391149490904,0.9270104573905188
GENE222,47.43636014187602,-0.4337426820443037,0.2068578086069354,-2.09681560954988,0.03600990124545266,0.6430339508116547
GENE223,102.33098918700482,0.09652622026204982,0.20656144412595917,0.46730027798987056,0.6402850575928758,0.9270104573905188
GENE224,180.39033089802706,0.24231085434035948,0.20400949916901953,1.1877429988669679,0.23493467762839992,0.8477201175704254
GENE225,206.1022220336062,-0.06525267499383747,0.21943900772857178,-0.297361329096738,0.7661906639917968,0.9270104573905188
GENE226,379.67621403081824,-0.22746218516344754,0.19270882537331616,-1.180341298447578,0.23786449889561845,0.8477201175704254
GENE227,31.04767433678404,-0.16129538953974215,0.26074008374300733,-0.6186060356516545,0.5361759247481854,0.9270104573905188
GENE228,464.3822535862147,-0.195152765356804,0.17490395296413314,-1.1157710391875661,0.26452015340317425,0.8632878212182871
GENE229,177.3742744617307,0.03736307509515143,0.21252765808505394,0.17580335393428492,0.8604484346201704,0.9733579577151249
GENE230,567.131860953006,0.1893011131377851,0.24010669073540838,0.7884041571602444,0.43046033994343935,0.9270104573905188
GENE231,36.909166066142475,0.1127134987414933,0.23497117300707693,0.47969075226984786,0.6314473046051249,0.9270104573905188
GENE232,180.88441907837293,0.22864577768938638,0.22261682320739515,1.0270822051771644,0.3043817570916416,0.8632878212182871
GENE233,165.3557500192566,-0.25281591138498616,0.19198841394002478,-1.3168290012748545,0.18789594933481235,0.8477201175704254
GENE234,583.1647356554892,-0.3385544625687318,0.18513027214751224,-1.8287363738058506,0.06743911064369464,0.679628715056769
GENE235,184.05470139425356,0.09561487702217791,0.18643688125143631,0.512853875158037,0.6080535402437993,0.9270104573905188
GENE236,338.99396639359566,-0.3760243621116798,0.19372792612481068,-1.940992037820212,0.05225924314942043,0.679628715056769
GENE237,321.67637006057805,-0.15651123738023,0.2370722981699183,-0.6601835751727211,0.5091360312232709,0.9270104573905188
GENE238,412.0556891894159,0.32122804249595444,0.228437286107689,1.4061979459190492,0.15966535395908554,0.8315903852035705
GENE239,177.14956674105366,-0.3373545448904787,0.1727369182975883,-1.952996199163921,0.05082004556809494,0.679628715056769
GENE240,106.02995155700785,0.059865087881833964,0.19868551110883342,0.30130575474646376,0.763181353058356,0.9270104573905188
GENE241,192.55358847939377,0.01589899075318422,0.21370263757143926,0.07439772823519458,0.9406939164012851,0.9781070241411051
GENE242,177.37018557264068,-0.456082504138435,0.2038255571896642,-2.2376119581218172,0.02524637106395258,0.5737811605443768
GENE243,229.1648503864639,-0.1512806066221405,0.21607636824226273,-0.7001256447096804,0.4838488417872405,0.9270104573905188
GENE244,112.94964577465498,-0.042626399728548515,0.1702567313599606,-0.25036542983094645,0.802304761419752,0.9270104573905188
GENE245,221.0172960772251,0.14733668459612032,0.20078910742880626,0.7337882342465287,0.4630778124968925,0.9270104573905188
GENE246,298.22758272949847,0.08493350779156439,0.1939459005579408,0.43792370731853,0.6614415893718626,0.9270104573905188
GENE247,456.65455205000063,0.21286668692361957,0.23214023318461197,0.9169745545759623,0.3591559740497746,0.8991596018713727
GENE248,486.6060416481015,-0.2573096726169538,0.14422785185029094,-1.784049816425486,0.07441557069055645,0.679628715056769
GENE249,122.82973340386602,-0.22993140259568023,0.2070905492286045,-1.1102940402261527,0.2668723404294101,0.8632878212182871
GENE250,620.1805515763541,-0.1431734046113984,0.19473022925508396,-0.7352397476195159,0.462193495844879,0.9270104573905188
