sample_id,PROT001,PROT002,PROT003,PROT004,PROT005,PROT006,PROT007,PROT008,PROT009,PROT010,PROT011,PROT012,PROT013,PROT014,PROT015,PROT016,PROT017,PROT018,PROT019,PROT020,PROT021,PROT022,PROT023,PROT024,PROT025,PROT026,PROT027,PROT028,PROT029,PROT030,PROT031,PROT032,PROT033,PROT034,PROT035,PROT036,PROT037,PROT038,PROT039,PROT040,PROT041,PROT042,PROT043,PROT044,PROT045,PROT046,PROT047,PROT048,PROT049,PROT050,PROT051,PROT052,PROT053,PROT054,PROT055,PROT056,PROT057,PROT058,PROT059,PROT060,PROT061,PROT062,PROT063,PROT064,PROT065,PROT066,PROT067,PROT068,PROT069,PROT070,PROT071,PROT072,PROT073,PROT074,PROT075,PROT076,PROT077,PROT078,PROT079,PROT080,PROT081,PROT082,PROT083,PROT084,PROT085,PROT086,PROT087,PROT088,PROT089,PROT090,PROT091,PROT092,PROT093,PROT094,PROT095,PROT096,PROT097,PROT098,PROT099,PROT100,PROT101,PROT102,PROT103,PROT104,PROT105,PROT106,PROT107,PROT108,PROT109,PROT110,PROT111,PROT112,PROT113,PROT114,PROT115,PROT116,PROT117,PROT118,PROT119,PROT120
S001_baseline,22.86357908921113,,24.298955421388616,24.138339603535435,,25.335427414782117,24.988422538156616,21.917959669700924,24.387413528754667,21.683188906381712,25.812953928508858,22.091680559492115,24.504671031837702,25.523926702643656,,24.479568304867502,24.39750192341439,21.865017719162008,,23.881134789498915,24.262420055016296,23.269722387681806,23.895737103867756,23.172364470143858,,25.176259327705253,24.338736954883377,24.560912537307935,24.324723675295036,24.885003470849437,25.351723756674094,24.552986183709802,24.446072742951095,22.28330022528361,26.36174326105739,23.993969441733423,24.87446791906668,25.15634512533254,24.52907232074145,23.027479913065413,25.02566666164612,22.72283069598541,24.547748648555594,24.37213449611967,24.768469210180136,22.589248369333,24.38360742672668,23.574396535207004,21.85983226056705,23.532805724770434,25.606261810924234,23.380035586185453,22.09614316677078,25.118965752179214,23.399012664118338,25.186302300301893,23.01451478032193,23.978380120489557,25.287217587333654,25.968586618722508,24.447369550093402,23.213775937951123,24.20368996598322,,25.696753810078096,24.34604310506277,24.081406923301802,23.285736557672138,25.05197311210804,23.017463290532984,,24.155370615598724,23.659773713937707,23.425657247291966,25.621248152007897,25.840219450458417,24.412568406327406,25.10520566651412,25.151199500572137,24.4370679180601,24.435456438501603,25.266318745805243,24.090594750333555,23.660938840977757,24.260278482014762,22.810257564439105,23.458367094209635,24.509300515219614,23.677623522899946,23.109853584120863,24.169319704523343,26.810346204941258,,24.87722221065044,23.38722403997682,23.973887011992886,24.35171358775196,,25.12734238744602,22.18764557835977,23.381244813293254,23.33876261877745,23.09584945112657,23.35518452264399,22.675985619973815,,23.480093002042583,,24.19652677428103,23.05046478672687,24.142982689608395,22.968176390468535,23.693505835029455,24.29974020285805,23.782449133470145,24.02738550009291,24.01402718752803,26.598094949936105,24.031712168161892,25.509099684558503
S001_week4,22.895725075335776,23.701777109424178,24.326153263491474,23.813525111451632,23.400918931056097,24.891576911989354,25.643440403238976,,24.4691474114226,22.00217668618182,26.347888330055998,22.659744025911955,24.670418793089997,25.947894143840408,24.180075932825876,24.519123532380508,24.291984442953716,22.462352681837125,24.694677900051694,24.081220820480887,24.04723239097139,23.462886756025053,24.09107219237113,24.071099514644988,24.213866625897644,24.688111562864897,24.874200489914166,,24.51395546291776,25.582184495171877,24.99341334564824,24.576644943707237,25.027220084894015,22.55998941968403,26.14865584157471,24.439869290744934,25.177602380546972,24.717924850583298,24.756298020444707,22.92528338681202,24.634635064087245,22.769070281917674,25.00855829229246,24.732674018417384,25.07938545375278,22.018700577882285,24.337446901246594,24.147065388163387,21.673613425593633,23.802153086863136,25.18120921623591,23.818312678681046,22.1244505479914,24.85237143063937,23.65786925692362,25.448800849403497,23.283803547670196,24.591174124343215,25.303789668488715,25.93942915704078,24.49241037661352,23.042281877411682,24.61553494307853,26.640018772307194,26.023203728091083,24.094364862345028,24.302145900788503,23.820595751619788,25.13695815519944,23.42160025775651,22.448988899742353,23.785572285215505,24.110591548383358,23.258588170792933,25.83450522570521,25.539735487174816,23.94258098654057,25.215990128580902,25.573357314595505,24.58721580394106,24.18438360574562,25.098757021624838,,23.83493117385685,24.711796589116364,22.686384845631295,23.59039227648695,,24.06430116557786,23.04206163246384,24.011320002910608,27.800996949798957,24.847550347584036,24.902919178763717,23.481143622404378,24.052872445046784,,24.296823130758547,25.084796835853087,22.044286790464433,,23.388600347403592,23.505857117560957,23.06377657292328,22.600912327852292,24.938486583400234,24.27448459906031,,24.73991916630291,23.193140149784426,23.67650930949908,,23.698703045107838,24.024761825696004,,24.353072410881822,24.076069500040333,,24.065088364468544,25.659692425900435
S002_baseline,22.751034418155886,24.059635850155317,24.49073079185045,24.281857031267258,23.118697942171572,24.95843665719222,25.186896161582915,22.595019959404322,24.22717078166985,21.76031591469687,25.698782835353942,22.55831708950535,24.621811442357597,26.187559092331774,24.11452840076678,24.98054935667289,25.05026243625997,22.827946687783243,24.771789317792102,23.96031470669187,24.319932012028953,23.558907939450314,23.834173080328267,23.46463369391648,23.80735374880871,25.079370935643805,,24.444989709900472,,25.218515380815543,25.34695485269005,24.27756481716024,24.90184021632444,22.34182949220664,26.686781827712995,23.776273450141954,24.776977589592864,24.929139380233757,24.75173364496852,22.904666371734006,,,24.756169159024196,24.276502970042802,24.70898022352926,21.662217742979934,24.295824473337117,23.963988229079686,21.775005674181322,23.68120231864182,25.51886145153044,23.192170225823837,22.165168278173013,25.277362021828832,23.68056384552577,25.418106296366798,23.321702675052357,24.549643315282108,25.00481384417991,25.700216542451706,24.343491740001912,22.724726695225197,24.385064959969565,26.037384318910256,26.071081962124016,24.158000379330137,24.093520444113057,23.505464937084316,25.06995404332959,23.61785183704299,22.619917183798936,23.842072205052094,23.743713206567772,23.061003429267632,26.06352616771144,25.869300521925403,24.192331882261307,25.08202268665839,25.365812929311844,24.61725973380373,23.840401304326704,24.815304379891774,24.325028767756557,23.488318718633856,24.22259071596061,22.768425421204753,23.601739849825957,24.11309952709337,23.309464294716054,23.072631481114676,23.513941897858647,27.223104208427934,25.017210718687966,24.7932636194539,23.099464741827507,24.475069204081876,24.483633562620376,24.315142592190153,25.143947200384606,22.468825301180672,22.95140354892006,23.505729910220836,22.78611085047739,23.148618384304232,,24.670767937119727,23.295217786773897,22.24789151752566,24.8865509090655,23.07211974960143,24.24030648880579,23.011275766871783,23.35452178227105,23.241889227874314,24.32558017314988,24.138956929929265,23.71388796805069,26.477944059026548,24.019493197226808,24.83846805225497
S002_week4,22.79374252063141,24.09460466350435,24.52810106452337,24.714307439440447,22.960796548464128,25.02864910566946,25.750476393665362,22.951250015616353,24.37241829301068,,25.894549140679786,22.662929989843516,24.37267138712671,26.073781183542014,24.04035988987198,24.79364356192445,24.867472848098704,22.77044249553373,24.693324600069456,23.383836201261992,24.25114199156108,23.446565050848847,,23.44298160361024,24.040850736435917,,24.598684765307624,24.738783694300853,24.362124313426563,25.403776991182273,25.236895379381327,,24.584978153887825,22.180374229125974,25.870597480228398,23.985000671426494,24.935031461996008,24.677742685312136,,,24.924213802924868,22.833308314315982,24.930206804593073,24.13105469490294,24.92481054887122,22.02728684305498,24.730521064375388,23.472684843750304,21.69090839016506,,25.758353249919832,23.639691768346673,22.293362425427805,25.101297538509307,23.403061654588036,25.42867280485868,,,25.532383196500916,25.86039297793028,24.826453300167223,23.100449634159716,24.25954145619059,26.474784363983122,26.450086013394927,24.18172986719951,23.783148872421975,23.933121320654898,25.04631594286156,23.33555247450143,22.23675387776505,23.301321011299823,24.215054397223955,22.87981667735857,26.03052964347465,26.267789215582088,,,25.418612098288314,24.39641575466292,,24.955545332632727,24.512317966809025,23.693659415025326,24.753703986681277,22.98396995849334,23.692891345215465,24.78408704255226,23.577812486580203,22.883138216838606,24.493271424542744,27.290276160499417,,,23.467142225046267,24.79573003905785,24.348246238579794,24.072659170202517,,22.60094065888352,23.301548284942996,23.007625703427195,23.698229360360287,22.844291279549168,22.304183685365075,24.513976083440486,23.38840769753246,22.790535867866623,25.36354162357873,23.31252341970664,23.961229719598812,23.016710617232707,23.253391644236945,24.18770519702889,24.656099435157167,24.80564886220697,,26.905783274668636,24.047995735123443,
S003_baseline,,23.623891381006054,24.238217747626766,24.338032818202457,23.141720714216223,24.767035423099642,25.4937489457386,22.22121346789374,24.66262464349915,21.858327988190357,26.37255041330119,22.153468411549046,24.727021331398507,26.52034110067136,24.177768792383684,24.508119414219053,24.643725378474628,22.18507516302197,24.26201642635947,,23.936803316803534,23.340704428691676,,24.018737791281488,23.714882090802153,24.937800515877118,24.592611894600527,24.50556989515651,24.374814943997198,25.013754735263724,,24.59607134119604,24.543189294338617,22.196967951786153,25.92214460086342,23.90182879001622,24.810942560008986,24.78140819464219,24.49902233441769,23.394991365082653,24.632740965660307,22.078221135247354,24.42462844387569,24.35402024082678,24.759539214986567,22.37443229518996,24.353495631545034,23.67544639685303,21.378329601824984,22.907081731730383,,23.989181046127417,21.94618709507488,24.841965007065088,23.40980708572397,24.820220959969387,22.53858273888753,24.31319183029726,25.425616572437793,26.344149420233137,24.123686140731213,22.906816457996065,24.172158875766627,26.185944450145612,26.04737563481287,23.690531458906054,24.023939899390427,23.709398010360474,24.841235858127263,23.449336660361336,22.026952603756893,23.9919924320381,23.819620297831033,23.084152235613512,26.290282249917116,25.700613033170427,24.567556245782722,25.125089512910755,25.131652255547227,24.226412844358997,23.86832995184024,,24.573124862048786,23.40561987602492,24.69143730386643,22.52025525990317,23.578329057748782,24.619638882265015,23.881594510419053,23.263177976762226,23.902842572311815,27.23798823280898,25.233575405058694,24.522290978050986,23.255633172496985,24.784140969676177,23.980086360625638,24.286011882211014,,22.205227305098713,23.40290267727773,23.082188708005454,22.96382884868124,23.238956438256018,,24.643206608145505,24.220851407476985,22.592084078533873,25.19146477380157,,23.37709973011164,23.067516866644542,23.37176266171601,24.333770528205413,23.88489710720285,24.64079379043187,23.99508879087789,26.271144042234514,,25.434365798584867
S003_week4,23.433749276263057,23.77849067277553,24.575959789989813,24.214772051445532,22.98380041532651,24.93265792501296,,22.467286595130084,25.10091327589823,21.69986438290971,26.499425295779556,22.26632253025577,24.576106985923516,26.245252439596154,24.292593208522934,24.87091935761328,24.618567486360146,22.742704427265732,24.783586775653802,24.015676148557294,24.55063008774462,23.66194024079135,,,24.404959061489667,25.1521082571746,24.82073517278491,24.846738781233373,25.027952663382656,25.681919234584544,25.366846461065578,24.850346850459065,25.232072090156407,22.581309848187068,26.224962053091023,24.431656243513924,,24.760649464696865,,22.885242422244968,25.467641698484837,22.79406430203893,25.04498154652258,24.75659628034494,24.655249174297698,22.326427229905818,24.939198905957515,23.679350757631543,21.978160717330336,23.76654889452072,25.53641724723601,23.943750007547894,22.23122228803383,25.65183750121139,23.88642023300164,25.65769328283287,22.809925554964703,24.346371705762866,25.226758491416238,26.38936590457321,24.694155506228526,22.980361771939723,24.737111346085385,26.851321554270534,25.94177910985366,24.49904441645683,24.163934682696308,23.790938539695844,25.548121467421048,23.21007098540017,22.407870687588876,24.13612474962981,23.970936366901817,23.24551421291668,25.982248674601546,25.602235391933224,23.940795376716345,25.006559895493737,25.860995399063405,24.637270445644116,23.965198068366043,25.429948406124595,24.702267472478887,23.147712358470788,24.746484471392634,23.134420629963518,,25.103392254712666,23.778418024293366,23.16597568927824,24.11021121175753,27.61803453980831,25.060300818469557,25.35542994628037,23.210769479942428,24.73168472196515,25.109206704084347,24.6822300275264,24.67545135915784,22.7976444538072,23.290352253249996,23.720041984491086,23.71389346466436,23.316669831970138,23.34916564196256,24.747119963158088,23.936515215582382,22.080019983607055,24.85604057088607,23.310958255986023,24.35146094469849,23.116538072571625,23.61869690833184,24.424423819767245,24.27464837783167,24.68274103130141,24.37321899402052,26.141018069826472,24.553006921463446,25.513895008103006
S004_baseline,23.346692345048822,23.57152378616238,24.70057237217975,23.637075379519153,23.08610191065537,24.6594723588296,25.239629927103472,22.17504578277456,23.891218557037515,21.632724983890935,,22.348140750951835,,25.855167628421405,23.97403107505119,24.037185783497605,,22.33337118676252,,23.825020359766096,24.100002484414848,23.569982670720282,23.639341434188427,23.563831013674864,23.812140779005098,24.90584863750445,24.729932974871538,24.680325477462162,24.654505046616208,25.309859369601483,25.60349385696971,24.17405709569024,24.318557837054968,22.103453191091912,26.07235638186113,,25.24118701175006,24.395135781499825,24.462199648665067,23.200078494175283,24.85347572285206,22.243111090749785,,23.848800806100755,24.57624264506573,21.586000995264268,24.914757223709174,23.931221531435366,21.899280683085916,23.432263162653303,,23.797590184959976,22.10362136551564,25.2954010136235,23.998084141225103,24.871989603658655,23.431511086649685,23.84446702655742,25.595471909547584,25.755739501140816,24.224787430147522,22.820744092502146,24.496747854377173,25.84829237444015,26.107664206018516,24.13493906176647,23.6752447226095,23.115021911345337,25.18972340021373,23.340379526504094,21.96165250492268,,23.846410072677305,22.55520339256713,25.40147717438639,26.14317795009325,24.294749006634053,24.766254854789462,25.307930682832822,24.36784043499764,23.696154658333626,25.13447190761268,24.525191392968903,23.340033317963886,24.862048807433904,22.332127323109503,23.513855927648216,24.348917623740174,23.972895499464286,22.786493209916785,23.990122146710323,27.566639341463407,25.36445327014599,,22.72612282090546,24.685859463772353,24.267283786843315,24.11233636623298,24.695781520531174,22.244079546708996,23.16027525704724,,22.966518044335967,23.019520478961766,22.4159254159593,24.97551146958435,23.453374324049587,22.096058323224092,24.195208533698278,23.336682735921357,24.079929409261794,23.283705272174867,23.593007712718705,23.57614476902902,24.203542542708135,24.681799609160247,24.045576163636103,26.44317586912566,24.00924458152616,25.29376728176614
S004_week4,22.90179516103152,23.847358331767467,24.613666966729912,24.077531676680046,23.31032935362034,25.111865144994223,25.68935822705288,22.37198481401709,24.344666708916808,21.75540024532019,,22.781486864938692,24.330281313903114,26.56532293565402,24.13005901740836,24.590914810636267,24.588929406853655,22.527200296075137,25.07161157618667,23.90070628182687,24.074217633956764,23.502476448130018,23.510006391852517,23.794615193180856,24.41489893054629,25.000489712293255,,24.902785682182937,24.428688386348632,25.261672961531367,,24.23517040828436,24.943855514594933,22.17397735672608,26.412583498974378,24.014941966316805,25.177918954334505,24.96179736435548,25.068118746445183,,25.035912323258756,22.98065041977851,24.92670118161475,,25.184805478676928,21.936909792493925,24.597964531974927,23.58102630177363,21.809692671257668,23.672813558306533,25.76815875663079,23.917715058661482,22.293758089968584,25.202469684449216,23.29583348936729,,22.81116262891762,24.475177497491558,25.380324250332098,25.854228296554272,24.831469224860605,22.514080215122057,24.902450810893924,26.63910312875445,26.261487664911925,24.46047283130379,23.755579915655602,23.560091822373888,25.200374822107108,23.038334021473005,21.837811498557574,23.92959212979206,24.2520350535165,,25.89696894364839,25.96760946038668,24.176133985402753,25.053482198659395,25.201462314443518,24.409571218907068,23.61783558049038,25.160435619132254,24.425183733536734,23.03290382323173,24.805768864824774,22.797322993358794,23.539884059085473,24.622280846923783,24.067324323745932,22.870950101455996,24.24129891947392,27.251450286696596,25.37553438484434,,23.738770905277715,24.379904021322975,24.887052986484,24.091583619251487,24.955094172451865,22.326094086229077,23.352898114339553,23.559258996920477,22.82043221905551,23.2866020790072,22.843912516729034,24.55948279345057,23.830068251049482,22.32982432679109,24.703769307246965,23.575352755914974,24.132980704615818,23.029888503145013,23.36372910106134,24.279055551081253,24.141390759510927,24.516807203392528,23.92716383602964,26.430229879781415,24.231864298059854,25.753227498610958
S005_baseline,22.75726253851285,,24.83546699861368,,22.985063702850614,25.44017596176931,25.57252755863442,22.639418329949443,24.338381470423617,21.753640312817573,25.910663737099057,22.338130632872026,24.8111854047124,26.257434372864644,23.94525758193193,24.194178982560704,,22.166503511682528,24.215070439898753,23.49402539527234,24.256694623251473,24.054678371346334,23.689247173849655,,24.618268239269963,25.519646870767176,24.289749210933344,25.077311357191167,24.477995460494178,25.50351869323102,24.889516211811127,24.418598528788735,24.99160214079944,22.281959455493016,25.617319466083885,23.996725389343386,24.503396004338473,24.485711426475653,24.934298720531096,22.624274057787108,24.985014214892836,22.3399359574544,24.943379397749126,24.327577640578728,24.919228061776213,,24.554288913606864,23.834715763618973,21.6223163153474,,25.662350020249132,23.409471765900157,22.257493203927027,25.19397225840829,23.431355489101254,25.189021590543707,22.687901648857334,23.949397663940427,25.178116236572055,25.817791726139212,24.414276765133508,22.632642405088728,24.30896324399745,26.24226649547589,26.224426155248906,24.08483909506438,24.054512913826503,23.31284467630653,25.269035564776615,23.051860869482592,22.559404064138228,23.944308349572633,23.814742077697147,23.029220789830507,26.046619872669062,25.867206878077685,24.262759797282346,24.652064666837543,25.264587243586536,,23.580477477853478,24.809747690971154,23.97601748835766,23.397682952696773,24.432391698940815,22.566318280647973,23.471380330769655,24.11394767709111,22.984523522380595,23.661150082096725,23.91594961740682,27.019439260801157,24.735059115407232,25.097244972932565,23.30216702199896,24.863231568461128,25.214256094169816,24.037922815740885,24.425474822856177,22.074760995377847,23.423208711453192,23.51751860729447,23.08036193377224,22.80342706266082,22.812476394787023,24.395801956429555,23.759044408588206,22.036544291066352,24.66574500510006,22.806137733699007,24.134858357695002,23.08744107970253,23.40529972734008,23.72335597405776,24.16353210935966,24.219187440783042,24.414785605257066,26.541853437197158,23.73616845926632,25.763200748926018
S005_week4,22.583043885514368,23.49239657732277,24.674530559921116,23.89347261977053,23.163663446873265,,25.450425425475437,,24.172768547343818,21.951553049066813,26.2271229488537,22.87515750304249,24.41547751627372,25.726792037584257,24.156190128659343,24.39109310759447,24.59442979503574,22.563187186416425,24.261474783068802,23.540617344133693,23.90627207518597,23.61183617799283,23.494271411786805,23.854640724365172,24.319112055217587,25.18444953525762,24.50181184120146,24.56411054273322,24.85433306302071,25.481032162530365,25.1773395349876,24.90388657864968,24.646150079951205,21.92417748326873,26.058653647178037,24.32763024477081,25.02061964295577,24.925036885205227,24.545683089392828,23.185805974171366,24.500810605184355,23.0473498871099,25.129225807779598,24.403677605872495,24.86666564584991,22.277640664431622,24.347835325221578,23.58691835387154,21.550247101134307,23.632539012064367,25.54375392976626,23.60716549735123,22.08430353318173,24.929679677674034,23.65580219217892,25.053306629720293,23.345440739561496,24.52220541782551,25.358740475544128,25.625350522046784,24.496209426249187,23.356556544299796,24.313006251344607,26.467767835221558,26.440876861672844,23.923640083129484,24.015087993242403,23.752030332536112,25.286921534804414,23.266400330440426,22.3757839089379,23.599394705075106,23.93146856031135,23.01614917217307,25.489261639399405,25.8527074060518,24.623384934611824,24.967269026497505,25.400681766427873,,23.728519299188275,24.79329335912349,24.89774216220245,23.644187900966045,24.768411792422366,23.119446840432936,23.688373710751222,24.530489252814927,23.917983604820687,,24.035104897967585,27.505433612272782,25.2972986826549,24.80513003715907,23.454893868841168,24.960859429074123,25.09513370250357,24.309216682561672,24.797034255208807,22.563746579610278,23.486878473015853,23.415277357150714,23.60301593563983,23.31171302160191,22.681024899094787,24.700740691135273,23.840997040171672,22.034965485085777,25.116723874135136,23.442608215372584,24.284273025770233,23.18609987411531,23.143195060655586,,24.772254088826806,,24.126544066950558,,23.870696288833738,25.93636378623557
S006_baseline,22.698792440032822,23.524221253378137,24.38930661455239,24.391972568564803,23.357366221833786,25.440572497909926,25.29917166716019,22.564991143062308,24.44040690501996,21.598309666409197,25.84696182508866,22.378790176606785,24.77138414496695,26.0270946504114,24.18177121381334,24.49198038779007,24.386901077460763,22.498337439975693,24.2433189634181,24.19955759001189,24.187201529751665,23.380421509526073,23.832114561268767,23.611527350686185,24.12717716622578,24.773810977948063,24.32019816343873,24.038461419686843,,25.86710575978319,25.31897506638579,24.334313430712513,,22.24348892283882,26.16987450629739,24.30463528845376,25.079048974394105,25.176739059070886,24.492510201725064,22.802245314981885,25.126468494472153,22.586479075591825,,24.49426351277507,24.443353437406326,22.063467720740586,24.277244011746106,23.613731128348157,21.769346943076755,23.438941299974204,25.502419727543487,23.399751280733085,22.629851690059734,24.695469745945402,23.80646317548751,25.195382413434995,23.185239135328487,24.239649734257327,25.60217460548096,25.611640496650285,24.71258086108179,23.095331692957352,,26.263385463361928,26.398971815428247,24.062766657125614,24.176379875914503,24.027038233102832,24.82455584370681,23.2770507433106,,23.395583226282593,,22.990741890384015,25.501525111794184,25.916827162351694,24.06440672346971,25.186997037388306,25.15524200079362,24.431050746171845,23.726533936060925,25.031041631824223,24.388566930810534,23.404586633015004,24.44699440109963,22.810944878723856,23.526111914985375,24.75707918283441,,23.202135014881318,24.426405036802795,27.27395434493471,24.87233751809026,24.849832313476426,22.970280864143827,24.63795486179194,24.265846751349113,24.00955282370505,24.687632780333413,22.477903902437873,23.132394608026924,23.05918987288886,23.24229371766822,23.526764380418488,22.510771084357536,24.371197748057572,23.664230982913065,22.200774969186366,24.824143018605945,23.154846540174876,24.276442852096856,22.8914968629639,23.75402366580893,24.10341156488704,24.578837492505517,23.998267432245832,23.986352673258605,,23.908954840041474,25.346154979324414
S006_week4,22.53368787315412,24.220834736683955,24.290132015581687,24.420346773372113,22.897246754773867,24.931635818153577,25.451322228592257,22.17490834792284,24.349216506716083,21.480347962660165,25.667173196678583,22.205628108686252,24.892221982668385,26.21124924715996,24.151777108838882,24.061092097101433,24.567329722967663,,24.54039810409579,24.032772403125016,24.78305417029099,23.57434262941262,23.864969151642082,23.7417928296974,23.977233100772636,25.587009283353638,23.99311063069094,24.550242342852282,24.4481320318213,25.616953878271474,25.27359166354856,24.545140002419004,25.01859791140974,22.556463939603134,25.98975117103277,24.070970373575292,25.021505802023007,24.700701266301255,24.19371786344346,23.34272313607579,25.431832722994532,22.939858204436653,25.112178324010806,24.327090064473797,24.784752200114912,22.143530505183357,24.60649847877166,23.35031444323229,21.37293338085419,23.65288379575481,25.730879734103148,,22.308061581694762,24.913833326399377,23.36901830915865,24.98012840303587,23.1349666450591,24.777768678908743,25.065430231877073,25.843927961332348,24.857289464087685,22.86328525501551,24.607086843196814,26.579374201139483,26.251722487890238,23.9771713722477,24.000328178336385,23.586868548603356,24.959784907661852,23.304118301440298,21.93243600829893,24.314460058772564,24.173075864664586,23.00951236089166,25.950256904499774,26.2400633988644,24.602215242969976,25.160407970753983,25.424838548144805,24.403045694318145,23.964358481336046,25.042866808892565,24.591136849499236,23.681422384701406,23.921817377618947,22.862347591162777,,24.934554879932396,23.957052466205884,23.526128111560148,24.234452652711816,27.326517795174247,25.14214960955399,24.49635810853747,23.451943068958684,24.823187660637114,24.72935747582945,24.22861008322047,24.89431998531415,22.293771495147062,23.26806810171966,22.769863655662686,23.05006033534616,23.172998922413978,22.566023246106635,24.419461028568293,23.676577746183515,22.522089028423895,24.991989795862217,23.274829590447695,24.395116986814905,22.968981217689443,23.523763493179967,24.177805853211805,24.34191061592175,24.114600710268974,24.507666773361734,26.496152905992556,24.239163203940812,26.04226189171434
S007_baseline,22.994528933420916,23.693249454898044,24.461059147654396,24.618145976716683,23.147096726050755,24.97262128225297,25.42783843327128,22.99078642039523,24.540414343136067,21.510525962470915,25.929736838574357,,24.68875629831395,25.6975597031768,24.161425137568248,23.949444239922265,,22.790169733698438,24.238122600697377,24.019258385386863,24.892457526928446,23.75368382242742,23.48691988888809,23.9624466096873,23.732059100394483,25.222784359930376,24.690920905663752,24.924429272976674,,25.77981959428729,25.643708546125673,24.69946505086948,24.34905962069507,22.435917679722653,25.916080763020243,23.964607153155995,25.096030688867483,24.773962851198625,25.04454684037344,23.500010730365467,25.294535657122832,23.025208381854615,25.229924565711293,24.258348601443327,24.903949933623178,22.274101513553404,24.62467464894775,23.917341951724715,21.22574503332014,23.41095248911524,25.99812723427576,23.782752690459073,,25.303289904561893,,25.575661077826293,23.211717306268355,24.247646897371556,,26.304326630761572,24.62373159443145,22.83806405942203,24.33518282441025,26.582758821915817,25.989574530164532,,24.19079072513888,24.263405699645556,24.62482512556842,23.152219525483083,22.98791000706702,24.35467874779064,24.268149432439714,22.647197704530488,26.136654206204,26.27346818219376,24.275228260221613,25.668066465658676,25.26443992308463,25.102884411554086,24.324549709953764,25.316196491602955,24.81612019774358,23.73283313078333,,22.836510937680448,23.922663921238193,24.0672707156065,24.255275183042563,23.318821672106818,24.5095990338435,27.429209066216977,24.846009697053088,24.93563854484017,23.402730204895068,24.326687176856307,24.58681733357886,24.391424446426143,24.954191864548687,22.489663296634166,23.39241085310973,23.306695289421604,,23.24606840970094,23.03034787476967,24.997007512324558,24.111525515359173,22.136472877679044,25.092822868565808,23.333772708511493,,23.108405267496874,23.77256954966583,24.00843537896366,24.124864143278327,24.421876114787974,23.86858532473393,26.51319962481086,24.422921824207176,
S007_week4,22.336049647622286,23.826108577784794,24.617950065440166,24.13738820624312,23.27306148141274,25.081873746986666,25.39885669717733,22.805842176863944,24.659123033297778,21.939841955616245,25.77379634491173,22.538944197208373,24.517869100168188,25.96132762389864,24.569988868723534,24.48874220562789,24.5477919739154,22.264504159939978,24.456928920755036,,24.449964381781257,23.38150064499128,23.48539244411839,23.933658501532122,24.098485429446576,24.64479075017257,24.1776062274661,24.367397934111438,24.567696311951966,25.570289739429565,25.49895026198614,24.539443937721234,24.262484500157473,21.89869714650921,26.335351494254905,24.359676571931484,,24.967376368739043,24.757124083008566,,24.677885588265937,,25.53708325762022,24.258896436468913,25.05889308662062,,24.9622122304964,,21.758642948888752,23.426440308231527,,23.290723748110405,22.14564955840999,25.18133015620656,23.34127021782304,25.547085529714845,23.437237360115795,24.32537074955724,25.084669177530163,26.165178546261014,24.501368542696962,23.362763505056467,24.414658532290606,26.282390161443974,,24.33237506118654,24.144938633398233,,25.15511080817967,23.155302208246034,,23.793560865034156,23.895050812500227,22.991204342491294,26.189974735672394,26.51028199309138,23.903977746386747,24.78973654690116,24.95662489330973,24.332235248332896,23.828820644689404,25.010499176774402,24.88961454513379,23.411861992026903,24.58774243494744,23.15392765954331,23.997908110279823,24.47092214614379,23.796792062022632,23.568852776468916,24.17142113287799,27.056577882286486,25.567615734724086,24.65216688298309,23.426760915292782,24.665797968789526,24.278709683865127,24.00888028986762,25.392133965156766,22.33260964622518,,23.064336560031485,,23.00957020599652,22.65478415488146,24.593798264323485,23.80899476444275,22.315151685332392,24.995699096977773,23.253648912041246,23.880562297786557,23.271795957892646,23.32156882102385,23.469044454667813,24.15702362206208,,24.546436904116383,26.494269912845052,24.307468352629805,25.520237769579527
S008_baseline,22.901954524629605,23.84108984783439,24.59812494052609,24.091241331494313,23.08023608484831,24.926739727498244,25.19683956797115,22.562556488829408,24.27649064403215,21.567539058512498,25.833160154803835,,24.670917065417918,26.050214774191726,24.277863712010397,24.482960204308128,24.49391426865688,22.660929090970882,24.87220753253118,23.549684485899853,24.796346644365503,23.417228315015976,24.06939454391159,23.51078025602428,24.52022655646663,25.073727638976454,24.60849062435966,24.525714653110008,,25.609821158732903,25.66267230039691,24.25141113063609,24.555644415599282,22.270455088210017,26.515248306207006,23.70178223368499,25.30979467600498,24.97473495454899,24.52402456002782,22.951977607548116,24.586985809744515,23.20493424593109,24.52309329956774,24.538974623015008,24.81150087386717,22.409557720149753,24.357921369151587,24.251528032547597,21.406235629917916,23.547174447717385,25.219415960554695,23.85339708054243,22.28868807332829,25.301564040765186,23.598164325820587,25.50895332213977,23.29636920361002,24.037026509189122,25.627132553034095,26.368172713485556,,23.119764924259353,24.158807482993208,26.47352403831619,26.13077422911113,24.44060635894427,23.986914823485325,23.94267746876032,24.853832600301118,23.21307097381832,22.100047506066858,23.740118242863144,23.274258643754496,22.66907698542815,25.769033188791713,25.831695074950158,24.325390741632727,25.46496032517665,24.945043056745586,24.582947519096393,23.862601200563745,25.01323493119054,24.38710760146624,23.906903115499034,24.214768944864872,22.924003779388254,,24.287431508628547,23.787705004438305,23.074944716930986,24.312459192755913,26.886190374865954,25.11984355632485,24.51981715935308,23.208214416434327,24.16295510298992,24.393973164945265,24.20280681030647,24.960774172790007,,23.45865202492382,22.938938118058108,23.00623583345802,22.9456575214035,22.924411414727807,24.39285238496736,23.35475873532343,,24.785270259428003,23.62890616102291,23.8342008883522,23.186661514006786,23.68117439826483,23.726030458251916,23.985583557764635,24.28209726413712,23.809298520652764,26.03365190991955,23.129250323105182,25.674409227488777
S008_week4,23.391665185788327,23.95217130754477,24.863910017222345,24.31907871829577,23.32212235038173,25.047421598010768,25.429206172590256,22.356886307703164,24.655236287623318,21.65916468910355,25.831241976122968,22.503850064536067,24.900794342415615,26.554621890347672,24.0608671492733,24.890662932730038,24.831890434815584,22.516871827553878,24.422372810388495,24.287403278710187,24.441993781184305,23.9242151608811,23.51288174496152,23.467434645813388,23.916749083126977,25.365723241048315,24.351220349880816,24.81145148895488,24.792058907233375,25.795287110972886,25.20281385460559,24.24254542693648,25.18489845561142,22.586780550569216,26.22079127811957,24.42034743083377,25.039531516761006,,24.59737935780962,22.95295006111085,25.05179275768715,22.69331288169331,24.66698910524441,24.051595314924914,24.944579827866537,21.903129487468828,24.706691199951138,23.798891878444095,21.60886459783028,23.606369669287798,25.764952893631797,23.927998372131448,22.359370176518095,25.606613282014635,24.219861363517804,25.196509222107707,23.44898561905786,24.242433295884126,25.37650247824999,25.883019872100594,,22.85531868650221,24.28645108726761,26.244294706088404,25.734387192883077,23.943146155773118,24.26293050697744,23.532561266265624,24.807500572447225,23.162014350648114,21.547827733498128,24.0529309492079,23.972953765724025,22.730515313679206,25.598646976172976,26.350162883650107,24.4545100629739,24.761856243256798,25.46832496930821,24.266341558136162,23.61741192992679,25.252630613086755,24.118477492799922,23.440158171827367,24.55389029453424,,,24.566506199132483,24.298943691027052,,24.345745889777085,27.176104052874773,25.285024362123178,25.2471327552222,23.415382627326515,24.397662949236135,24.592303188790357,24.176253272065367,25.13856684048957,22.69900307609262,,22.87793294090894,23.412082294120008,23.494771119158383,23.146442366711582,24.677389727986462,23.06929170872058,22.069789875310015,24.717252031636143,23.173974089698724,24.539813976737097,23.31799274795886,23.509860384024577,24.201304708924287,23.95703520082442,24.363270544017727,23.85446959243335,26.546102152612452,24.49987627461656,25.70678665223278
S009_baseline,22.743250968839913,23.838645579496763,24.333078164565254,23.931571479925417,23.240827090756643,25.048854257726084,25.099346363368493,22.642606674623465,24.27140773524632,21.696862742706845,25.464679779057075,22.874937971745155,24.597831000891798,26.17204260587406,24.074859055836495,24.139810786442922,24.494788245336796,22.504807735677424,24.500281234493002,23.511232194276413,24.036479120820474,23.688982766124457,23.783531811991804,23.51189411195043,24.20226917299642,24.978673040958366,,24.22550126829144,24.560466124971366,25.68850297056875,25.01935002370129,24.38369587484885,,22.02036378894242,26.05855173822298,24.27713321127376,24.84672284785029,25.33246818301963,24.242652107037888,23.08559804901314,24.76945289443904,22.899174340229592,24.755935096863137,24.234102538726113,,22.195623076028912,24.685079864899194,23.470204960435836,21.75912014816752,23.066347541710126,25.47090311011049,23.975108331313542,22.47013752513077,25.47707389509714,,25.541767125110198,22.54519492492789,23.89521919520952,25.02503685128582,26.058917054746388,24.51566691543956,22.509653829397486,24.48399584887682,26.423379134475994,25.868169547708064,24.002270697345832,24.372396728513028,23.66611592973241,24.54066031810751,22.965215979117026,22.153653109263374,23.8969171112251,23.808233701015475,,25.513777936057078,25.80760588758488,24.08375476761599,24.764452211756982,25.05752800621065,24.569469200792614,23.590422476322846,25.107221655230692,,22.987855287505,24.706303159703914,22.841247119231806,23.637643920814416,24.697316708966273,23.853755764676382,22.690304323691503,23.886020137056274,27.421978328880062,25.22868237017271,24.750888180536553,22.970314861619027,24.437751798853103,24.58818668049866,24.351501909231867,25.265213254172224,22.574589722588115,23.648006836357546,22.886391870110188,22.97737623978433,23.172859216518177,22.948648853471244,24.738463076234467,23.30880511115627,22.170807046526033,24.841041375427366,23.031274342402362,23.910891862534687,23.419322576548197,23.159645565968567,23.645717459575575,24.4754312445488,24.341855916648665,23.66901031615583,26.53296128985134,24.015942682369438,25.76363576194051
S009_week4,21.981761133065454,23.99646832917064,24.07690327914332,24.342181839801963,23.363772848868162,24.841861088763512,25.5732335255776,22.148050115476686,24.609180213253474,22.071535468394877,,22.656563211890347,24.570953773492434,26.355089399511648,24.425451009938822,24.578346207511167,24.816820003862734,22.711196449847158,24.911543312299827,23.736202315211862,24.70452507625209,23.33950792097181,23.69242141012711,23.53485084756962,24.412077435210815,25.358370472764022,24.38359468856699,24.376985916982463,24.660653204617432,25.560438041400587,25.465674904632642,24.089248916505877,24.785069373134974,22.09406839691917,26.362430434814776,,24.713146984792324,24.511336104100476,25.30047946063358,23.409828740734465,24.91600784773048,22.311114239546562,24.931649119653308,24.373906209590555,24.235999308408168,22.08688558333109,24.87765148592493,23.891860417963894,21.73420053064544,23.923521553121354,25.56515302549563,24.10681110513965,22.273560071794503,25.343494859509985,,25.397257229134294,22.938274937023866,24.368063070208468,25.5072113344746,25.85191771589935,24.79503166381668,23.391771388707856,24.01994095607686,26.69979962831407,26.02844264639262,24.145771154304548,,23.70492763998234,24.608141958282676,23.30141424397757,22.000366353681923,24.10131353921867,23.515203962312924,23.07225996500051,26.016699665325568,25.96519963152852,24.177575223132923,25.337885378331247,25.149383266743385,24.355982975673562,24.362558115858068,24.47965666525041,24.914692594310495,23.463971792648156,24.91977995138748,,23.40045606533901,24.85180028049841,23.77779140934048,23.056736250825093,24.09055636999904,27.127302889739614,,25.224188355035633,23.79368777299913,24.652683080837285,24.481759384731596,24.66623613003031,25.456491414655048,21.94513511234019,23.17366405056599,23.3310273818131,23.717450907070322,23.3680256702666,22.206734883747302,24.813540360330617,23.960998053868515,,24.963942307692633,23.207258175767837,23.87491218545324,22.976735865402638,23.115211426559895,23.663272911798853,24.40444367309385,24.65617229428581,,26.95688640928556,23.97770724006251,25.591816735341425
S010_baseline,22.464842171897267,23.858020246835206,24.25617822626366,24.06072561185898,22.792597126730033,24.810680700729186,25.357339569084566,22.19833342712297,24.515609434150953,21.468594714023588,25.756307344934267,22.629997928882666,24.773934169716615,25.888814125017543,23.87082845417106,24.390526648354633,24.15955064354304,22.317965669426894,24.612559645884925,23.788366001143995,24.56426983047184,23.64690932007594,23.68386440606195,23.64409753169534,23.73821131450953,24.920215110072412,24.60918417664824,24.60643388847418,,25.33550385357816,25.06326164431426,24.483998187951627,24.78379230349458,22.350935796109443,25.936640490798027,24.154732911408008,24.800901292391895,24.648263645283468,24.547731712059058,23.055466314833417,24.69573758113181,22.778520511721126,25.05348133987006,24.514669770733388,,22.07578979816039,24.743614513180844,23.614207368540434,21.31058184430316,23.274873043342268,25.600104098124174,23.390629008365085,22.456007397603873,25.4063160043259,23.61427535702001,25.655880543208234,22.847532038825047,24.303701636941966,,,24.449138769942724,23.1417788453119,24.32727833905639,26.17361703783829,26.12419949013477,23.98652862943833,24.11164156365132,23.218347679713006,25.284279853078964,23.11063725632999,21.966362775629662,23.713473131206513,23.769310852201052,22.90080303589316,25.683162802836065,25.675079632974516,24.122165134296228,25.0567971615427,24.77176803547701,24.477531961900883,23.83957479215486,25.481516679163477,,23.815970306150366,24.7905379372012,22.14917163648627,24.077750625860578,24.387683006037626,23.40009368599421,23.057772191372276,23.659377820096662,27.09211151794,,24.685055140230943,23.05467055300911,24.693781965222062,24.7647529759105,24.078926680329435,25.018580900474053,21.873164823526277,23.543653843776404,23.51271350804304,23.013421073058392,,23.062795131884645,24.99663141415621,,22.36861651477815,24.823767889532288,23.157107355033137,23.750039523314953,23.389436109371584,23.631757692511133,24.072169783449244,23.725355862829208,,23.84466385596481,26.658416503058458,24.193361752034967,25.574810929592708
S010_week4,22.44545458081136,23.521795797765076,24.8103696812767,24.099762282633005,23.04730261046478,25.05269410750216,25.64768452949669,22.041948040858557,24.728526746497053,21.897312540278083,25.955958585257005,22.337673054140495,24.959310288174233,26.35506325051501,24.142756512952385,24.977394028848483,24.693072641048765,22.453285408791675,24.805507469330266,23.513751015072945,24.389678965601703,23.83816377892855,23.468755850904433,23.75299628429076,24.363448740796347,24.99735031644817,,24.90568774694267,24.424953059991537,26.08948392270224,25.520113574313235,24.562775515616224,24.732545320992802,22.004184243995358,25.9301776291132,24.11340489516982,25.22298884718933,25.020833005147,24.653296675559808,22.762167665173244,25.184821691291944,23.091130309954995,24.95532608385623,23.95548606963725,24.632193383931977,22.042757953422935,24.94021992202458,23.935892463035636,,23.54960742331719,25.377330284285314,23.95254835097151,,25.799565739340483,,25.194882339846103,22.775269010961658,24.62546771205816,25.604629706094062,26.004640045743855,24.446791650297143,23.092614333323557,24.41274457715312,26.60528896836873,26.04986302978272,24.01227807436238,23.85239338090545,23.617115480094306,24.70067174909132,23.29867751035685,22.17003569976924,23.765450770586224,,23.218858710774008,25.9337376327174,26.31031400617146,24.276777927140493,24.840266751425542,25.35660076341299,24.036906259353408,23.56313120759136,25.039676529057267,24.387556495541055,23.682773308322243,24.588839710793664,23.134198166224763,23.790678694347296,24.458844359045358,23.6031308359266,23.228477734771083,24.482744813886672,26.99606583255967,25.487208389594368,24.859853478062163,23.795701039714633,24.1460468942581,25.27393185435305,23.751443375673805,24.982929480289094,22.29977010851489,23.35569467657679,23.25498283592148,23.123494523503005,23.23952896528851,,24.667719061744744,23.456775581636073,,24.75523380111084,23.19105801642405,24.078447130112245,22.84446136365786,23.567139448235334,24.036900317650208,23.852475545044253,24.06894051136366,23.759564805289767,26.405070386880197,24.002901446416228,25.537173514168046
S011_baseline,22.329814113425837,23.671805800290045,24.326255548811485,23.995102912500588,22.979098487206027,24.625852852518214,25.061978350495117,22.3394604357098,24.57433207226395,,25.47006530900205,,24.399488628971806,25.64311429789675,23.990590627216278,24.25786306259018,24.704811089582726,22.130534789745365,23.795225130385017,23.675496709895363,24.41411275232954,23.431450404648366,23.502054550628852,23.446637832241553,24.44612428743593,24.964757952372548,24.495774853636725,25.15408537011926,,,25.758797714256747,24.319983049947005,24.341618249523822,22.254823597748597,25.514274488832108,23.706299654208724,24.493889062638008,24.765069303624628,24.25593945331351,23.02566590495283,24.832591688858546,22.923882007361907,,24.38472888038064,24.83487509053181,,24.434501433679948,23.34320148489282,21.561025825239113,23.541974443663037,24.971507917533106,23.672465021345072,22.47176387616569,25.208131186792365,23.44600423435051,25.834963552704334,22.91207686319574,24.31910429990215,25.169716698359267,25.723678305705914,24.59152094860635,23.142786130261133,23.818646713919936,26.160385365720774,25.73221585559168,,23.962058930348782,24.055879671322558,25.254782653698093,23.132445475327497,,23.906739199574464,23.634218025139223,22.95071470117675,25.75718752138978,26.168651226525423,24.15236763843599,25.121597180337425,25.139263527611625,24.588445404276413,24.05371963297231,24.88967381904445,24.320969669705082,,24.46899379979066,22.890788758480696,23.839141079617136,24.090799303858386,23.771250387066978,23.150979404574457,24.173133620493275,27.22420383498837,25.15334040157174,24.67740763985385,23.567436032676497,24.278798224891197,,24.05837651322736,24.81972968233895,22.124596067859333,23.304736493020858,23.308687406918146,23.62205430322253,23.362500981988404,22.714424640021463,24.381183256359886,23.581692004863754,22.12471590419149,24.617485755469225,23.1629363577995,24.066283499172748,23.30530143946036,23.51452025844912,24.26774655359613,24.010494843848413,24.289375133671047,23.780764759112728,26.575880497646082,23.956149346808232,25.833785082825635
S011_week4,22.381209292314523,24.16122269880957,25.038650612956445,24.324659104287523,23.51178741914735,25.337933642733613,25.671318892505003,22.558833231254475,24.56650787762053,21.871701499709086,25.884426482329435,22.514240911905617,24.790183569006594,26.021693170516464,24.420791344003476,24.544013660270263,24.85819851541178,22.802157457501426,,23.711242862869366,24.641062948639266,23.992542174685088,23.78785046285846,23.470926598092404,24.381449598707363,25.67558990313559,24.937523909532544,25.032577012784795,24.704819713675665,25.93900165372448,25.642491632041516,24.472401112385214,24.994017532174478,22.42987055333158,26.10406642666942,24.26943810559718,25.03999209494561,25.47788804231921,24.857056759912897,22.948433672729614,24.926587817921778,23.039424007178614,24.4642810379261,24.541049787563257,24.901911016654104,21.976855245209,24.68748324593722,23.79717181171637,21.852532548346833,24.065220910570222,,23.94783170376679,22.410911398059497,25.75762003861046,23.33549941557575,25.655151140733476,22.96791155694852,24.434118569625298,25.34629366482277,25.676472325621422,24.497982066613996,23.052916406996662,24.463356348030175,26.590348476318763,26.341109004547246,24.438846153389377,24.700663242233272,23.75071120788378,25.28731079704809,23.716190432789656,22.498838402724612,23.99074475634668,24.609025922710092,22.950491525980038,26.304335818264704,26.31725839536889,24.540405824165433,25.241331418667897,24.972003316514297,24.659055468006407,24.19678164872487,24.94531949293449,24.850237321657744,23.826904864297553,,23.286662188774574,24.41482125891854,24.370866314814574,24.182423329233703,22.89892254323874,24.50389037545179,,25.57442948748762,24.836656572859546,,24.511151588393943,24.39546367579277,24.738198704370895,25.42053566757932,22.547905916775658,23.561226902303783,23.488621827175635,23.371272981801855,23.2487198803787,23.00344739997994,24.903173274779878,24.103130637457188,22.518298396891357,24.827527335331258,23.026500115160957,23.69093610235467,22.70587723098835,24.196431387270763,24.183318109336305,24.278737506284884,24.54786094080227,24.198424704567174,27.010452046450194,23.980191092436357,25.26377237971107
S012_baseline,22.865602452545758,23.360852697464598,24.784781560481672,24.263985351155174,23.533195122545145,25.601817772548117,25.411756340704517,22.449789464523167,24.49231634314901,21.598637271669073,25.891983646729962,22.75495506691676,24.72571114501847,25.759041323215758,24.305242882331413,24.391514183373772,24.435427574303283,22.806336389506043,24.64983978330942,23.95758698303702,24.361690541827,23.64129301093633,23.51886503958462,24.055498138356032,24.061625091554074,,24.385121672109257,,25.129258335675754,25.62281751471967,25.282296760252123,24.2601841380568,24.622121465199147,22.02141639752627,26.34729630185161,23.918706676610444,24.83905001034038,24.911881265748008,24.79204560892807,23.156352750673875,25.494231295661667,22.91557360402921,25.00076825380854,24.21889291622948,25.146980205983105,22.26870242679366,25.2404504784995,23.34024326242256,22.16239655132655,23.706897242939093,25.637713846338965,23.752193515145926,22.567259575532596,25.396702767525525,24.240231570324728,25.358212269365378,,24.37451910059638,25.367259314400492,,24.435815576583103,23.308285186989515,24.35062170962845,26.563899622139918,25.931426291360733,23.9110313732979,24.062540240980134,23.83525849039825,24.659970212988615,23.484212205700892,22.269590499139166,24.214456723597362,24.690973203162837,23.206206465855406,26.333714490023453,26.223963087570446,24.076324931046038,25.316002212790494,25.76483148604907,24.033968513564403,24.534616837333637,,24.661759414825852,,24.210812071773752,23.252071406809268,24.038128423708418,24.943955038371453,,23.443572638195306,24.277362010514075,27.207282568025985,24.837275710148457,25.435563718843678,,24.435689468734484,25.074212316704966,24.56069478464117,25.058979752937116,22.275101910157446,23.282155038766113,23.78594360948851,23.46986383080384,23.336388737054037,,24.774675897210546,24.00915290649506,22.059151310851174,25.17834208037753,23.830208902621234,,,23.289918576333598,23.958015697480402,24.382945871314316,24.516028257500444,24.16534897139246,26.83112830913151,24.377865658309307,25.59689526805884
S012_week4,,23.85759215091422,24.836087026809423,24.245370411986567,,24.741516480465023,25.49752131181819,22.86007518562111,23.938310799936673,22.014851323480237,26.118758831441816,22.311794534478846,24.202092170817117,26.13451644217147,24.055130607243246,24.588752821746354,24.21764368463425,22.13203349480642,24.49665439937154,23.39063426356047,24.41432469606632,,23.835246224426296,23.480272826721574,24.049138079354684,25.338357396872418,24.46396584024488,24.778684240178862,24.638640822117193,25.398427711307384,,24.81918933850486,24.939705059631898,22.247536817761336,25.813146449106586,24.139508741318124,24.88882123564298,24.890690425229586,24.801200181015698,23.37550864918529,24.94171022525397,23.164526485809755,25.107781335288177,24.730005212094117,24.764873385287313,22.016709595687857,24.42870665524576,23.990675189525007,21.330219934119224,23.693171263016822,25.572526984818253,23.65258072850061,,25.330528509339825,23.453760155406812,25.454776641997626,23.39624623142326,23.92770727934683,25.67725984287261,25.744178424640147,24.408997907947725,23.275712507868395,24.664338873376582,26.568113664139837,26.3983650722713,24.159486025456395,24.468297392913207,23.734809840453693,25.093989192576473,23.232382242012186,22.575475373144045,23.804750041360823,23.923858295557256,23.06414159469454,26.06257952603068,25.957083599992494,24.426769066215115,25.13892492057787,25.136462851815207,24.55865068685424,23.96935721527712,24.86613472224588,24.184595156766687,23.665365457869804,24.67965669891391,22.86454779389971,23.688272514681284,24.680700350469333,24.04068401301813,22.950597342955504,24.50423795343505,27.390841847618532,24.762550786415922,25.585385005981657,23.849379391295038,24.34033079212799,25.21500069022599,24.315616136904527,24.96551826834257,22.98181602716109,23.01015719697679,23.009267082987122,22.989056388394303,22.87773481889554,22.475445667710705,24.885924865791264,23.30727749219624,21.976018001438035,25.099805463174416,23.56863670286149,23.76169421381844,23.008792342829185,23.542730963090634,23.929464932217414,23.927673808657993,24.375796290791783,23.72321820153925,26.59880438283701,24.124565862542045,25.656586541515242
S013_baseline,23.120177131614433,,24.689998599711547,24.544847304763504,23.238040596484513,24.444013317610718,25.497037173671128,,24.566297449532694,21.397077711304743,25.499580276099824,22.27233372454285,24.5948586958282,26.41369876386769,23.889986525850105,24.463970848428573,24.173377785591814,22.22731394912876,24.894316408410464,24.008472277589988,24.707335173187992,23.477213472737038,23.66091724743632,23.95901358027629,23.79550515492473,24.99815181455368,,24.426593963757078,24.461648041138176,25.780012867113932,25.95083745941189,24.494361819893967,24.842188756622075,22.18035116628105,25.625766315713186,23.677549958764565,24.87837469764053,24.66787536873907,24.859464071802222,22.81255936516865,24.854724112489677,22.64600240004097,25.00789115830043,24.123322899311873,25.001577620763037,21.92546511139989,23.976734044967262,23.528983990120725,21.8933714095507,23.26361407196481,25.64354477103879,,22.04709027041792,25.413282481619497,23.549997168054595,25.28508140392858,23.207267723463314,24.104604126248198,25.128133625430426,25.914483171769554,24.09520161630422,23.008893873231457,24.63415352005417,26.270419314251487,25.621007206225993,23.73930824326007,24.2707996360905,23.22692657977422,24.679669892817547,23.182005168964253,22.18175322948736,23.81655173876426,23.674265311038283,23.109297490039587,25.96333853089501,25.8660737352645,24.08389411557607,24.477594778867903,,24.472521429185377,23.893119810938906,,24.45260309254884,23.588764516926535,24.975359738666448,23.075044717384806,,24.698874820583207,23.71809409383935,23.37580214446788,24.40221291010277,27.275188505534395,25.137760160531048,24.863154897662007,23.536297501668855,24.83953423906387,24.689340329589648,24.18041459885479,24.80920766633004,21.995430214120763,23.410473979088316,23.19312362213139,,,22.838746088902937,24.7220929469017,23.689433019159335,22.37894105482573,25.343100446626984,23.213360687547304,,23.349278901714104,23.45178497772776,23.898462397441932,24.35130677793691,24.194832869938466,23.80892781776358,26.346838888595688,24.156526719314208,25.667494795166316
S013_week4,22.910997489382012,24.403060608076657,24.60538646433406,24.426491932229656,23.882525080035414,24.93607154443758,25.761440490175666,22.600895560764396,24.676398707571156,22.0849562669716,26.07406423587851,22.90613717899299,24.478252343607984,26.104033800712905,24.34166572560002,24.487819381193475,25.00850685258588,22.782769841914586,25.010780729850932,23.667098259188954,24.396109594903734,24.113005387726563,23.577211679686958,24.3250440007111,24.702970841999168,24.975523287953656,24.54404054076898,24.90999923655264,24.70527900463894,26.041223194521354,25.837877523002206,24.563303338814702,24.888627748423414,22.228453079602065,26.1929588880292,23.954616701198066,25.665369391321025,24.719610612215092,25.002227096840098,23.652862603217137,25.182962670087022,,25.03315176343368,24.585255282628665,24.98837350715954,22.267673145532108,24.817385748465128,23.989603767741276,,23.479145972916648,25.87803744573484,24.241417783351284,22.284966132135043,25.29750530819713,23.826569183569674,25.544234655873527,23.45895670109492,24.535219755465683,25.689157638576056,26.295571631839525,24.440985589808385,23.151940059519173,24.223744765555143,26.952300577980555,26.249180455925536,24.253728954986343,24.462981220614726,24.010959016130865,25.12177773985296,23.57065671114937,22.42997588188746,,24.05323107517474,23.007104295858134,25.986637453404235,26.197715269598543,23.996219454669994,25.285331418882617,25.662913012769415,24.675464397869806,24.152223932726752,,24.693696551206905,23.756621162111593,24.581107585224395,22.792953934567947,23.886601681002563,25.179183417858738,24.346501331753558,23.082482684367047,24.617485305078716,26.719692653808437,24.847486158541273,24.778993767940996,23.727070124452027,24.594644488093923,24.471712211224904,24.27370938183072,25.02230503983588,22.653444353197642,23.66859461802236,23.20378095498923,23.0374308086434,23.18654203535298,23.104652537712994,24.85820495713418,23.85428253784177,22.166770956012,25.14674042827928,23.513337398538038,24.100589185085767,22.733614050739863,23.97689753535874,23.888133951104336,,24.0377823118381,23.898037815141283,26.75115585000397,24.2554467865337,25.51000442305425
S014_baseline,22.834445240121703,23.991195642498894,,24.2298436383096,22.952847088439547,25.006646727676106,25.03176691409811,22.669701998029172,24.6392810825538,21.80032232567543,26.05984096684318,22.703867598565594,24.620014815868558,26.042807812812153,24.175057821930785,24.24292065791378,24.288070138718293,22.251865222761047,23.777526805139708,23.76236080291645,24.37840027123236,23.227715981109505,23.044559365399294,23.871343601047176,24.19153050437948,25.03123019469573,24.69978640427936,24.541184234597065,24.895065494005436,25.168613795231966,,24.684184200792757,24.755799262751424,22.068888128955876,26.491986310207054,24.063837239011868,25.01086264609865,24.562174847784842,24.582480852456367,22.836669354563792,25.121635627880355,23.257414033546272,24.584329719654185,24.452337976055755,24.609250949500485,22.03161340956989,24.602275290704448,23.579755796255608,21.733136405021497,,25.46312415531101,23.693412264399136,22.232522900059784,25.07662724650585,23.711305033273355,25.466448870913823,23.149518176884737,24.192233665539824,24.768791222660898,26.04476304369168,24.92033660291151,22.7374829144917,24.348210779635277,,25.665222411266804,24.35586512379385,24.09351983813821,23.820550652757376,25.0386837238247,23.12227575108654,,23.786836073089827,23.809139068722352,23.188712742099163,25.759601287738178,26.09984535007818,24.423478294295528,24.953646803948192,25.040481064686922,24.75252509328558,23.556672511521846,24.416646365903894,24.080620836204847,23.355581638605095,24.439505480436182,22.82433795604383,23.53163842187441,23.98406984124034,23.89367633889578,23.87958404717536,24.44000792595237,26.671376777345248,24.7535396835397,25.01026324855926,23.354806471063544,24.486503595433412,24.8660679290325,24.221497150982003,24.57808179677439,22.206455490389,23.397733338301073,,23.02684223531242,22.908163535966448,22.246026423155215,25.167761219484504,23.28151489425579,22.47696605900876,24.78952939197585,23.243952407380473,,22.739929145173612,23.414582925407544,23.960461058209553,23.901056606964556,24.326679142658797,24.096699047176482,26.3507965259149,24.459917014147745,25.365453253524397
S014_week4,22.33177714634237,24.007026491873408,24.875671567255434,24.872114317610805,23.54710916287395,,25.440410392022013,22.75085091126683,24.608384219378493,22.195786920987242,25.70190337509467,22.15477280433669,,,24.44411603820584,24.710574688185982,24.744993772338532,22.7749604249639,24.27946049248555,23.692028566529654,24.53953422618397,23.571980362797436,23.21299953642945,23.64183478137614,24.19571723885118,25.238509376543593,24.69130489164826,24.85635166179015,24.619622147641127,25.9371760688562,25.631870252266726,24.470027584872707,25.31799087183307,22.39234817609194,26.193507013042865,24.618658567207202,25.20556292199139,24.77212199687737,25.28936198537233,23.101958451382774,24.84293760088273,22.644854279489095,24.879313935046405,24.409930173157676,24.99054418354306,22.278856736080563,24.97062349638423,,21.617869884558143,23.213373011428573,25.739070748656065,23.779257739934916,22.31969843592416,25.362657996068663,22.98672692979862,25.194392601936464,23.044814869747224,24.355029387025287,25.521316781056814,25.931141122629043,24.995284424028814,23.24833222574566,,26.439800682080925,26.007978498593772,23.970217876063092,23.951301377082054,23.642959679917215,24.902967186480215,23.442005278558803,22.38025215236448,23.83944343447955,23.641938671070815,23.055877410728197,25.97221044957997,26.109935363960712,24.25050386271836,25.15849289847995,25.436235754644922,24.328015956495516,24.126416208618632,25.00967789811074,24.651058070699452,24.26753000507539,,22.85585345393611,23.616975142772915,24.637136266741713,23.46908802725955,,,27.24998056726901,24.994140137729776,25.132120826133765,23.370305342468527,24.31301207585232,24.449634561498677,24.1355309785455,24.814642820486664,22.114592976165397,23.116196786683673,23.06953872542566,23.49457241253848,23.396055390013025,22.788533713395523,24.549300575243848,23.805888235295654,21.984493502128455,25.01013242564754,23.211903885772813,24.04300662886616,23.083740976655346,23.398912656198757,23.49755344792661,24.16317272449785,24.47811767259204,23.854631126259324,26.77758363098144,24.528270057210023,25.563294677088262
S015_baseline,22.598461117981394,23.719366976326828,24.58072166610334,24.64816492612707,23.251666726575287,25.300384394488376,25.55423126167161,22.482969969765065,24.79262166632551,21.836920653163105,25.60881016174426,22.21903064228556,24.43594207838076,25.959272335099733,23.842342998643854,24.55172832778868,24.44125156364287,22.39731867742604,24.28299241565739,23.738614841756934,24.13396840085169,23.366310154083827,23.592973839558475,23.6384243431099,24.06793662101755,25.255275139700114,24.50686530845972,24.663432900052825,24.76978698686497,25.75619266304521,25.561844437180856,24.163865749427245,24.921883455919904,22.267195414624418,25.96148890689865,23.939390210589735,24.904316989411278,24.53176199464999,24.59073380751016,22.86121642634878,,22.015531342453258,24.455104999583344,23.710688275005403,24.594220875851672,22.244741288465367,24.59460549908043,23.42546731618056,21.475325999442145,23.44795666439013,25.22732381357526,23.64562651367429,,25.410233960198266,23.874708901476396,25.423465676734327,22.753864963752807,24.223325781361527,24.948372941806333,25.778947208083377,24.43191433048602,22.642284601214037,24.843544462464248,26.679742309648436,26.063367644829388,24.123318387216557,24.0599229141934,23.707230802905922,24.85184253878059,23.062653408627323,21.95878878909773,,23.813821131518793,23.33051130640272,25.557451065813037,26.081242494860273,24.368486927792848,24.880509776743395,25.395769538157563,24.260339033618767,23.416718900429057,24.75934881032524,24.344521474017363,23.801073462453317,24.363472472977953,22.59806982106341,,24.716563625931776,23.874718983320633,23.053026843460213,24.542631422868126,27.016858343517235,24.900104114111492,25.064100570226262,22.94147115328301,24.077268506975148,24.37750283891488,24.21647385296237,24.839667278040228,22.746589194441817,,23.13288337987223,23.065127994388245,22.794734256620195,22.803020694114018,23.956186970655544,,22.20525458137904,25.047734562332348,23.389569220342747,23.963426008394674,22.419789491488608,23.623993379028303,,23.91978120305233,24.150831974546644,24.20021010531821,26.209075665350465,24.308767593683864,25.574516595267895
S015_week4,22.651262655015042,24.277180559544618,24.71644012438422,24.349865910588477,23.03885266944582,25.76104727593507,25.82907018130795,22.564839538509553,24.302869735016305,21.685792335162247,26.31255123092543,22.340786620092636,24.29925013520814,26.419748927075563,24.371810379153178,24.498613740764284,25.205400480567192,22.570663507015936,,24.18799912706487,24.46187471801178,23.948146309411072,,23.876755392720913,24.43286575344741,25.420230106710292,24.671072683102654,24.901657887505284,24.354044319108393,26.225822136181737,25.364269746305354,24.560549455638846,24.67145297933899,22.658633188188215,26.10933527751333,24.276167123387562,25.16793702373621,25.090542293380295,24.876460826475896,23.068955594442965,24.99169689215289,,24.704308686861292,24.591322912923737,24.758503673161606,22.390871558514817,25.43418769342767,23.533801683635904,21.82879310280196,23.82335941841407,25.65969465019557,23.702033297900755,22.31973891759058,25.643717082194946,23.620127063574735,25.471313639029642,23.411003873519565,24.321908161950883,25.053443972319407,25.845805014487983,24.597096520315798,22.626005755962236,24.651493871318294,26.91787736325511,,,24.289210262036427,23.754096803139397,24.862470909656505,23.291786402568995,22.2371732910179,23.578846449983708,24.207895895668337,23.400327916544367,25.886036046717635,25.910553788442396,24.132535165474213,25.34295744947638,25.614487343132566,24.82037208005234,24.2112772380024,24.97349538001104,,23.652377171980284,24.44163711537422,22.914313439029105,24.291852513744626,24.38092725866392,24.123323966695946,23.110737174575362,24.739324810907945,27.148804410755847,24.78982459430297,25.231677015511465,23.45885183810028,24.539134005019072,24.72487805860017,24.73815749884581,24.927675070706382,22.46405765082039,24.018873828174733,23.32305029427648,23.458557017898894,23.839237749070097,23.179215283650695,24.679483824869067,23.841654572046853,22.516409438245034,25.897104470642596,23.547968287252743,24.728048953675607,23.226840715980604,23.381491471769007,23.722921922182532,24.367178496855505,,24.657502841604817,26.97796390153191,24.049879685427317,26.051096069536413
S016_baseline,23.47589919607092,23.770236110859482,24.348553589058746,24.42968701745402,22.84535433865177,24.54426531318739,25.251377232709356,22.730873010424702,24.54644117078671,21.87380045799528,25.840235020950082,22.113565499427793,24.48068731537556,25.915151668620414,24.160346325135198,24.393629075880966,24.97284595479715,22.05827133321108,24.337525751386003,23.919873577787456,24.486697279149606,23.95483666653133,23.221981865065164,23.23244787748046,23.70995620898077,25.49726711611761,24.414161407450987,24.30138207777752,24.341615038663786,25.581971202102554,25.657307447595844,24.376486869469876,24.414629496619572,21.979212197808568,26.13672144144545,24.3060805104571,24.77558519011726,24.457736209072262,24.9029758044909,22.98772928214223,24.59086748841206,22.362730823535497,24.508819169853155,24.51032589123116,25.049421776060775,22.18641312694337,24.44484546585852,23.806518161692075,21.571259425690904,,25.342342286758964,23.544257435501518,22.4613209367924,25.211004601163374,23.293902472052853,25.119673729181944,23.04399514119859,23.918745517061613,25.24916274275096,25.832137635799747,24.054964977998853,22.495342731550153,24.44277393496669,26.324640657200035,25.980461311969496,23.88665645378909,23.744205537613123,23.867530364573234,,23.44266907128241,21.95864817492972,,23.800442773096552,23.043865424638962,25.66736410818867,26.225870057801608,23.626713643813797,24.96933662974978,24.94894327205183,24.651189298022707,23.832320080628843,24.410631519736434,24.81623176853762,23.29699933604284,24.486958369002643,23.01541136110588,23.88379819258485,24.24164897748924,23.63650843955573,22.859909942724997,24.187859530974706,27.265456203847954,24.994788882659087,24.837199852030714,23.25648374332966,24.472196051055878,,24.351316760252807,25.06799303399877,23.10631411190973,23.575714151131685,23.179886767380697,22.96044201120878,23.076283603923034,22.681617701124352,24.600360554034992,23.552540460352805,21.900876617859097,25.186926188581587,,24.138064047923898,23.020665773529117,23.4393784872749,23.718682524525857,24.015552223804132,24.287552093640443,23.765563417660324,26.522604551430163,23.980911288918453,25.972591134732717
S016_week4,22.164910625194914,23.767984457541264,24.374088909046836,24.05281044383021,,24.683501455275625,25.377211904767737,22.671472361994358,,21.79792739928692,25.96555551096775,22.77436824837254,24.76322452517159,25.98007388211549,24.209795299692058,24.27023553387693,24.365240414953934,22.496960928084683,24.008353262406498,23.56969350179425,24.39554806109019,24.118404095228943,23.566743860257283,24.020908044910918,24.498288986435806,25.694236787648226,24.330635259660607,24.77781337499461,24.52771456101862,25.989797027760506,25.880877968291347,24.57880661798094,24.72357910189693,22.168176372247625,26.132247455511767,24.208128030715702,25.01820140114042,24.796204807622576,24.523141481318422,22.908787212753708,24.62836432660909,22.525047219352405,24.967695052642817,24.18906354937444,24.350642629610793,21.94805882340771,25.0656428607278,23.84430158954077,22.12164407097828,23.388936556853142,26.292246149265498,23.547471133493833,21.934615730355585,25.532711261574697,23.266854768364993,25.63096469320121,,23.95359391312907,26.04108181579471,,24.616901873347693,22.793393849171736,24.36163687536821,26.531201594315537,25.868852615696788,23.84323256419903,23.51222735387516,24.083439777113117,24.861041566690375,23.26615769926037,22.458467188027498,,24.081410974829623,23.08070184186699,25.560626035359398,26.039889682881807,24.096108524478694,25.518574680176584,25.537830375046518,24.494375772404872,24.27320208788333,25.64425128186042,24.199267499936003,23.45681162863657,24.76471816863796,22.863460354638427,23.99818700531814,24.9556307893123,23.80380053166796,23.424567115433707,,27.35049681642029,24.829586811897677,24.75539142061456,23.153367132044608,24.480023232269843,25.08343553677061,24.204447052631014,25.0921083566994,22.44828451017418,23.64914103537982,23.245220687298204,23.692550801527535,23.33540547494864,,24.366951769035587,23.655750154087404,22.310162569585035,25.049598725252125,23.320771145803207,24.484872640322532,23.0804231786644,23.39731994834151,23.676975724675064,24.82092325296599,24.403650480035058,23.662409503906158,26.315745755550257,24.0549556652328,25.885965731099553
S017_baseline,22.979113370372897,24.017277239630825,25.406518455372655,24.460284319334246,22.837469445585146,24.74070295200029,25.516839018876496,22.119353287072286,24.246802196599706,21.737936910435195,25.500485205977057,23.024411006994402,24.689870794875826,26.098620682593562,23.828335457722332,24.85733891191913,24.34933257859532,22.285907750493063,24.263136041067643,23.736745010793413,24.214383855419083,23.13612949686374,23.76325209288692,23.741140935549552,24.392811368575423,24.849067788125634,24.329995476786372,24.746601905025035,24.40756237429299,25.55731799135535,,24.157881599976125,24.788698749041302,21.968780897772483,26.118609790332176,24.10857012729056,25.133619860556603,24.790857198246155,24.467581262376317,22.828843220026545,,22.59139833398425,24.991339826639084,24.401138340850935,24.86247298870971,21.882850350011026,24.569648689158818,24.009859296433763,21.635651482875282,23.55082179241162,25.548633352212107,23.500770369585815,22.11105060417685,24.969790437642086,23.411519470873547,25.434297755680127,23.12245599385734,23.628838696649815,25.849693451721205,,24.32150215031526,22.717923653764878,24.064579361571013,26.332644389330557,25.96415200379369,24.272288851554272,23.857572014232705,23.496714207632937,25.163690485052378,23.159002425155627,22.530125934925806,24.05286223910718,23.895082815394638,23.14302692797796,25.843058467706157,26.369095976417274,24.284738838573446,24.70784101977462,,24.503754382139146,23.9804070847219,24.735153994965643,24.58599820783093,24.009566705595006,25.02894827780434,22.308314153313592,23.255147534237913,24.59473278686038,24.052274261126023,23.29056453519583,24.40287469711774,27.29375658979215,25.08406194175536,25.150552834239928,23.590786094652398,24.445371253424522,24.291851855534087,24.017518983850334,24.79856940982143,22.249914405192293,23.248079753472908,22.567062552255486,23.08376185817852,23.108772332526645,22.377204411187943,24.217284645963556,23.443794814960942,22.221776797607095,25.11955659873614,,24.023548279506926,22.827751326745968,23.875099919169667,23.963613625702784,23.998400952357958,24.50961649698516,24.244008811446324,26.4218323356381,24.05116160953269,25.337898681291882
S017_week4,23.208166058855014,24.107078846977952,24.751192414585397,24.54824770343524,23.089062746632006,25.102810339501037,25.865043811018925,22.625527309767765,24.752754396156774,21.760500744572795,26.008858350457132,22.360525301316766,24.910060723769536,,24.573566795644446,24.70912952212489,24.25340720218325,22.98562275131121,24.598138894610006,24.209052918945147,24.319581390570544,24.067861974541582,23.47325060141899,24.3058158725416,24.16629145679412,,,24.299323148869508,25.27867853717025,25.916217429731372,25.051459265588562,24.244250001272004,24.481399895611162,22.695780949368814,26.008877164875404,24.349391868302074,25.150338352108225,25.24865811610048,25.072037428363476,23.42949007959978,25.260277332565614,23.2711456982241,24.809116765185685,24.723097235728574,24.921811522663557,22.056730113808108,25.09598353637669,24.05529380298543,21.562154491690936,23.32346921751674,25.58885361767365,,22.69344912045822,25.788608641812303,23.508828942897875,25.5574451077593,22.882600258603492,24.21286099852166,25.62173273349929,26.13385712307962,24.5739759025599,22.981533206111482,24.386642879233804,26.694114952836227,26.199100728223836,23.893817622183477,24.20116261554272,24.401516995941574,25.270763916854524,23.147219720791732,22.10693926535865,24.326535909353687,24.564132475450183,23.29552071562125,26.757419995721374,25.69441568950706,24.033869141049465,25.106994461382317,25.630623835957465,24.9643246652982,24.07540936172381,24.81986600854336,24.65507017695128,23.90696407606657,24.706829053266656,22.68157104498289,24.06065203051757,24.33584891555582,23.931284265205832,23.642359727298825,24.383825657833256,27.031887235193953,25.270358247731494,25.10447311087458,23.4508684229454,24.424019807687888,24.919633633037833,24.447505399585683,24.809438036544144,22.593708127263202,23.462244956522614,23.67170042081112,,22.849076694506714,22.936550672693702,24.825091070283307,24.151509293655796,22.323974210279424,25.313014081984853,23.317212127621424,23.821784332252307,22.511513116949825,24.017332503647463,23.883309650301978,,24.482185124158345,23.951002954362124,26.464664829566512,23.80381139433643,25.89268391045211
S018_baseline,23.110759822190737,23.665131766632523,24.408617741793126,24.3964842473731,22.86954836136599,25.324216714949795,25.196554408139555,22.366447089242627,24.295383828775332,21.70259253879118,25.828218551109366,22.50879534112561,,26.164770659465074,24.470806839469134,23.833102472246,24.483641829183664,22.70583030958235,24.123977410301475,23.93710496085796,24.173132369911045,23.654445982284354,23.469536277841506,23.35176506188951,24.222158512725777,24.4535716781438,24.268786896243377,24.975847606917583,24.504558675942828,25.721695917482478,24.967133277371538,24.63224349144416,24.768644064353058,22.50145343806454,26.371245509513766,24.32943062315627,24.880086474366692,25.027938516343504,25.171278813132137,22.850159933294183,24.53873682092585,22.448823061402674,24.403034285743903,23.83804681445958,24.60382938157697,22.032875531604372,,23.19587345812259,21.80528301883335,23.37777461352436,25.591770717640372,23.82524780640771,22.26988553148214,24.94794768731805,23.82352304267909,25.768599271316234,,24.230532626384097,25.123622139888298,25.496976178256276,24.34019583102015,23.029977460789713,24.62412646293973,26.478046309747967,26.225799550938568,23.632539738912953,24.29987043264764,23.96797186206236,24.804229042257727,23.33177487127805,22.1923275399222,,,22.97938175918724,25.767715759700938,26.160197044857625,24.416196535689718,24.703555170871116,24.91236066298367,24.336461459097453,23.661211606737613,24.59967692786963,24.65819060542433,23.51012879706348,24.51190131514936,22.563483342996463,23.70860781085753,24.56393905797223,,23.291826863949808,23.90331637659995,27.33062888862467,25.38669976705448,24.757964084539758,23.3566784600596,24.558721595429976,24.38981595333949,24.219086906637564,25.15771514384237,22.522990734450612,23.75850019090757,23.305378295592458,23.19192755653596,22.93316718147191,22.987043310145232,24.21051618358025,23.828870799322594,21.776511544150857,24.899121446147856,23.13641655300735,23.656960851595652,23.228947859919426,23.065416138161464,23.873143879010584,23.93025491258234,24.165209932287407,23.99083554071762,26.392264994689484,24.49925459244546,25.874625264578334
S018_week4,22.71047990292129,23.977934436202993,24.28991947085071,24.386646700545985,23.006061955273683,25.126046127511433,25.563995624578652,22.537093118129167,24.574668119814667,,25.67867239980579,22.49913050064755,24.506434620776297,26.349235155649033,24.254741221479463,24.422942492179306,24.133817344810176,22.129515364681893,24.744100446684193,23.901873562902047,24.671040920539497,23.606582075077828,23.462089771977006,23.918201767764803,24.314538455947716,24.857597263140253,24.933170908409284,24.86416855054714,24.612095054377825,25.72738564552083,25.53829921096346,24.827891096461162,25.199424768206104,22.21249360008933,26.15607515854018,23.948834826406546,25.094324161964984,,24.961655976171453,23.069592825338255,24.61381774210721,22.612007354684945,25.36756099510391,24.68562898166927,24.58835393424345,22.351853780796766,24.650617654897335,23.685130350105673,21.87770535485841,23.90160112770497,25.31982892249337,23.913996534234943,22.03834450366185,24.907008107962668,23.676148696224462,25.57963386477947,22.99965599267445,24.09980995972811,24.96825347836936,25.826705503624588,24.81709925492442,22.808045490408034,24.216856549991807,26.43879809322794,,23.769946435526055,23.895188749477825,23.443460936427673,25.139512955826085,23.191572332186123,21.803390922952207,24.276068769145457,24.133476003451072,23.069977715820475,25.349707347143593,26.612929702742463,24.345458059887378,25.267014506293773,25.217731199947124,24.386806762637114,23.982347432464213,25.196135716063004,24.30157078698197,23.677808029281074,24.631159419441186,22.894035442200238,23.964158797224805,24.360498422436507,24.0835033612128,23.344813753818617,24.432519158652276,26.953111746194303,25.06897151921258,24.87165465334944,23.194525212643835,24.510984868001298,24.961250118328042,24.3351269613379,24.885629390073596,,23.671776135335755,23.467523312846637,23.37029124175895,23.595942377687486,22.409837670988843,24.590295302766815,23.95238235042512,22.28315530952149,24.99806914596052,22.938235844292866,23.25786077840935,22.940315080184575,23.46421765881245,23.93592872159992,24.088728808271117,24.532441636339197,24.122879945308657,26.82400556918385,23.900655309784682,25.59137640174909
S019_baseline,22.504405442532715,23.59812065447074,24.920999351430154,23.904953828201602,22.9302945318503,24.523143621580434,25.05921286241744,22.182128622014606,24.439546540740963,,25.57679012223738,,24.36025195084666,25.782637137375257,24.079121017607,24.63539818192236,24.60990136416167,22.11150676993198,24.06742496860123,24.09031465132796,23.98303133108538,23.245345929509373,23.522569651650734,23.515762575822794,24.27618032100227,25.228166129189386,24.665241419958353,24.620835188976894,24.84554277920532,25.581524067860716,25.592331648326525,24.376566970924923,25.121770369811124,22.140210336064257,26.402324817225523,23.82080408086765,25.65091238423441,24.839088909368304,24.901725585666888,22.901768173368147,24.74603953152992,22.592066645673434,24.980829355743403,,24.258496371552575,21.976848887268083,24.664108659593904,23.779998937956865,22.011974759815985,23.6001479820154,25.358390785833084,23.833434879305006,22.057109632654182,25.223564573961042,23.2106492940493,25.276164436032165,22.81526287225329,24.418718730143578,25.010504638225534,26.299101317827223,23.931261516563364,23.09681734050428,24.384522130274004,26.675211902761518,26.09141108591689,24.204733237859863,23.961028232139252,23.716903532457557,24.55874254405066,23.371998409500083,21.936463388292676,23.928600528371543,23.762575707141266,23.100397500063163,25.640788481621044,26.097717603702726,24.33272298906442,24.773068397815983,25.027965197636984,23.814829036610995,23.398960797016397,24.244916388415284,24.652576188071055,23.470047316408348,24.615323059690354,22.444018315527664,23.63456396480585,24.612335569975848,23.80735338313752,23.429935152171982,24.379701269964887,26.904157760356046,25.030083759691305,25.120681921761662,23.17991800741603,24.36382945939863,24.76120546642877,24.054336787240963,,22.140520720358882,23.207289766688923,23.341136021810534,23.551210309407146,23.30842873559385,22.63669940048021,24.617044705564965,23.92004604540504,22.29928211410526,25.171581254963826,22.98895077740596,24.107545976926357,22.91557862193586,23.622876903131218,23.525100487249105,23.46823035903724,23.777491486992254,23.788279676926212,26.675379527186045,24.055333411464602,25.47757486697439
S019_week4,22.744375693021652,23.51877923628874,24.36342814248403,24.363886283675466,23.310056102160853,24.87386500388947,25.57361808219488,22.331265137735148,25.328559525026677,21.519266676102653,25.976099495603783,22.902956994738343,24.39219388807316,26.003621634119074,24.365888015561946,24.160527675724822,24.643511495400308,22.41191549528154,24.761117961956522,23.96720219134662,24.377424508791822,23.59778319137065,23.585449550957126,23.720652823116822,,25.413736079746453,24.57912952517078,24.571686557689837,25.285769023756686,25.57771585413677,25.3896160957006,24.164639896272774,24.83515314182921,22.35192316633538,26.066805696911796,23.752789659887494,25.044360024335944,24.520891246628235,24.971070772208087,23.555917541991292,25.326370845275466,22.5107236784687,25.09459812346251,24.555096932671916,24.86493898158332,21.74195856930762,24.656757403510106,24.14832555929328,21.639591701109026,23.442179054142894,26.076861397236424,24.045485279112242,21.975241940858258,,23.563694626652563,25.163123805904384,22.434798157436408,24.103724086739973,25.102875201057586,25.953290135807066,24.150362775812088,22.79237379223052,24.37972248615398,26.223131727258412,26.046546500284375,24.185080477773162,23.838600472282288,23.90380991421583,24.634841552522087,23.172653726350912,22.377788180156507,23.68847643540324,23.60012245133997,23.183736370401217,25.480232574102786,25.900099512483273,,25.274892135589607,25.162684839397322,,24.06875106275438,24.97001064959936,24.409645622079307,23.47112400432885,25.409595222577007,22.353438011001654,23.90741969590212,24.518885280015084,23.624219841345656,23.082585960395885,,26.82486341158803,25.077006808524775,25.289807490803554,23.38350669293582,24.122761163385807,24.867163072287443,24.247450391136137,25.023358086565583,21.815832944490584,22.785961487290052,23.216764965894235,23.535445029682883,23.711020596821307,23.130911504924832,24.492164481838426,24.18307583405873,22.73809816690395,25.223564548330998,23.16092109669008,24.061798545682656,23.036625075230077,23.5992645319066,24.00423328258438,24.082199624411214,24.211174766354908,24.043272109068653,26.362976958827566,24.330373040788817,25.98422116216908
S020_baseline,22.993366288327362,23.602617448446633,24.11443165482504,23.768104631087777,23.243004896573066,25.073136827599118,25.200837356144216,22.35566389793448,24.508793512622848,21.616814209996434,25.8564116842683,22.633200241250705,24.26476656051783,25.474649278532283,23.807126301637005,24.083378399381093,,22.57594082167228,24.138148545486455,23.34203564936033,24.24211875909973,,23.80738744564371,23.407866869906965,24.06961411460063,24.896309795348653,24.283025214001853,25.18142760834323,,25.378388541087503,25.91112097724377,23.956459847076232,,21.94985718261941,,23.755741442614966,24.97135114046038,,24.47423769139059,22.7006637210144,24.748009119005623,22.495105935752417,24.731407451077313,24.323305088524396,24.910450552862784,21.76566532247045,24.275791639797763,24.22769334627856,22.11280891584859,23.742081133988666,25.25233913159333,23.360514275588162,22.313504893369277,25.04784863849682,22.977767157426698,25.05425155224191,23.07109549660587,23.945815000463323,25.05677988687318,25.696284038468455,24.687167163510065,22.746675803408323,,26.169544027801177,25.628082440284704,24.25896887722502,23.82188796329195,23.948961909741115,24.83226256715427,23.00415344272867,21.990255489753523,23.99052373420272,23.951590557585664,23.161194610415137,26.52218143505194,25.96966662622588,24.371571364633425,24.82916292673246,25.783225197868557,,,24.46667229019025,24.21664954203801,23.256878917512246,24.02615623885411,22.676891911750033,23.360119875460132,24.598705408993606,23.531834269400118,23.03952074840996,24.077100722295732,26.85176811467478,25.390571016028908,25.319126203568032,23.04441583155205,,24.566534478812823,23.98188415877768,24.85901612287436,22.73091808577965,24.120121527627568,22.809001138855358,22.77804976919702,23.121427553972456,22.432239667703588,24.74252739553069,23.567351997703348,22.558427214562723,24.719293958143506,23.323365327060383,23.62056521659642,23.085679454596576,23.26133805900826,23.62792146719817,24.146430002405985,,,26.50824376110107,23.756868318988573,25.249399412883623
S020_week4,22.925421234273088,23.636221389408345,24.662785584136046,24.496478844947784,23.158373133516406,25.033328962052394,25.790449197804197,22.85496736341063,24.319957959847038,21.796031579999575,25.767847509130153,22.138744805949443,24.35719119716521,26.381472996798067,24.414717949205727,25.127054339190195,,22.104311919170282,24.447909222608228,23.23091631905175,24.00443554389227,23.585531545848063,23.90891923301262,23.428068085855966,24.078498062299285,25.106722200969635,24.48122746610913,24.601528213245814,24.423968851120808,25.66455950584515,24.942566499668562,24.527291765664067,24.849013947660115,22.155566821807763,26.12794755950884,23.831453646577437,25.127417274111604,25.108168515587508,24.902025242162182,23.1688176547794,24.997325669456306,22.78172114662203,24.67939310556985,,24.733989593050847,22.13757329209061,24.07225984273365,23.757533262099034,21.625010410094397,23.773337219785276,25.33895356994923,23.596179303105917,22.283019048987043,,23.203499679284842,24.808021621389017,22.929179170289594,24.520270216305633,25.405539147285904,25.732594801399262,24.466933849998206,22.875381160300055,24.37752283685111,26.584855446229845,25.855228293630212,24.073415766420666,24.134281843970335,24.08819068073645,24.712922928323213,23.278068074177828,22.07340608098829,24.27796256519315,23.798689057660244,23.076513516835018,26.462354242543967,26.410268365219913,23.995947648625414,25.169662562479765,25.25025698161441,,24.301475856535706,25.40249917382219,24.451532876544128,23.274075296303106,25.15425879454476,22.835696660598718,23.087102125709652,24.4591967024608,23.653322914549573,23.44613391864298,24.20644212729912,27.52766815049271,,25.106425129586086,23.186300004687265,24.567486472731808,,24.54437661133915,,22.358775904439334,23.155790631004166,23.146529471468124,23.6902400517387,23.02802081017341,22.859023369967783,24.33027231868873,24.026643568688943,22.009606934339494,24.721751445088515,23.346382836980652,23.592171412067874,23.026835961535866,,24.001741670628803,24.30243388612016,24.451128826464995,24.054027492838106,26.31164956888268,24.578231625367696,25.182001541521146
